,ID,Similarity_Score
0,0,0.5587151357571398
1,1,0.5195923639357206
2,2,0.5365377114663454
3,3,0.520178193489914
4,4,0.5543128834464476
5,5,0.5508744894138441
6,6,0.5180657343382481
7,7,0.5336309261059027
8,8,0.5188712839024099
9,9,0.5350037434785118
10,10,0.5506185956284719
11,11,0.5424430478081969
12,12,0.6135829233656822
13,13,0.5499739093248066
14,14,0.5229612196772764
15,15,0.5228357700250733
16,16,0.5857246666085795
17,17,0.5824385685761316
18,18,0.5446860118384409
19,19,0.5253055764606387
20,20,0.5558767467288168
21,21,0.5320719324490901
22,22,0.530634449452833
23,23,0.5121232161242217
24,24,0.5601656837596187
25,25,0.5450736202715254
26,26,0.5264925269324083
27,27,0.5402603336934895
28,28,0.5385722502084684
29,29,0.5205301895758724
30,30,0.524826051230968
31,31,0.5505440432581843
32,32,0.5550505905163183
33,33,0.5207415829400821
34,34,0.5633401668078653
35,35,0.5289480366659924
36,36,0.570191405510575
37,37,0.5883405829820516
38,38,0.5259321518126169
39,39,0.5209508649859564
40,40,0.5516032385918721
41,41,0.5570705450303178
42,42,0.5636942968526059
43,43,0.5666834987291396
44,44,0.5336365596128689
45,45,0.5239431903470415
46,46,0.5923389350401045
47,47,0.5489067528160938
48,48,0.5315244209060175
49,49,0.5334382829280689
50,50,0.5487660652222378
51,51,0.5703794727870947
52,52,0.5099710153937729
53,53,0.5637953013340518
54,54,0.5600284138973408
55,55,0.5728072482046536
56,56,0.5889345732429158
57,57,0.565571614433852
58,58,0.5166405706775226
59,59,0.5138192699598142
60,60,0.5269623738379555
61,61,0.5446536604875736
62,62,0.533952807272267
63,63,0.5139098674476799
64,64,0.561339222181341
65,65,0.5308317115708616
66,66,0.5325141277680809
67,67,0.5441808637575233
68,68,0.5412683168805758
69,69,0.5115994607582435
70,70,0.5384483856463353
71,71,0.5327305582434747
72,72,0.5222916586319963
73,73,0.6176987168473673
74,74,0.5475748156875203
75,75,0.5436365108334775
76,76,0.5595394315211306
77,77,0.5362390603333482
78,78,0.5395861136080546
79,79,0.5884476941379431
80,80,0.5344140977778855
81,81,0.5233838551241674
82,82,0.5928954711240721
83,83,0.6289663691845848
84,84,0.5547345181360569
85,85,0.5387422712493541
86,86,0.5504650307111028
87,87,0.5226143722674907
88,88,0.5277906467975915
89,89,0.502288155789686
90,90,0.5369548822509971
91,91,0.5221177040360767
92,92,0.5419117244216607
93,93,0.5313797791372623
94,94,0.5198030301035099
95,95,0.5191491095445562
96,96,0.5645840551768952
97,97,0.5186659012421435
98,98,0.6003569433960119
99,99,0.5283090525149645
100,100,0.5418008591772584
101,101,0.5566129286167616
102,102,0.5481387781032975
103,103,0.5554613136631783
104,104,0.5303416255965923
105,105,0.5309536169822653
106,106,0.5706648690224362
107,107,0.5365232080281219
108,108,0.5357918875172794
109,109,0.5174607573942395
110,110,0.5392030925149693
111,111,0.5323605202235053
112,112,0.5780882071222521
113,113,0.5236346256842741
114,114,0.7658232446008063
115,115,0.5658508124998834
116,116,0.5323175991392899
117,117,0.5422830968702081
118,118,0.5607031498722944
119,119,0.5261310478376304
120,120,0.5282101446122797
121,121,0.5667559288736879
122,122,0.5412421309144098
123,123,0.5145017388331382
124,124,0.5349081459158939
125,125,0.5304605147170638
126,126,0.5432742322407915
127,127,0.5717950154372752
128,128,0.5381911145886851
129,129,0.5537821662241829
130,130,0.5096285688284652
131,131,0.5447545233361997
132,132,0.5482893394941797
133,133,0.5603398111467224
134,134,0.5187448556624288
135,135,0.6224534251133231
136,136,0.5269248681401624
137,137,0.5421177199289936
138,138,0.542971295676325
139,139,0.6445531780288907
140,140,0.6015755635411177
141,141,0.519251591839256
142,142,0.5348183047076936
143,143,0.5574622157681093
144,144,0.5531971370071274
145,145,0.5223426149352187
146,146,0.5567774531903549
147,147,0.5680495581240425
148,148,0.5408164999982437
149,149,0.5318946095780888
150,150,0.5983454488317914
151,151,0.5288015646152426
152,152,0.6335768048296503
153,153,0.54551192113816
154,154,0.5272784789498843
155,155,0.533142802590484
156,156,0.5247351168296983
157,157,0.5544968616274375
158,158,0.5361498196036999
159,159,0.5436258983687691
160,160,0.560298273493153
161,161,0.5873477331802803
162,162,0.5542338103036342
163,163,0.5369656902113461
164,164,0.5593176989740773
165,165,0.5383135435125652
166,166,0.5794633008213848
167,167,0.5311376184389764
168,168,0.536383049042732
169,169,0.5326254526610201
170,170,0.5634131002484979
171,171,0.5157941160945791
172,172,0.5092834109540763
173,173,0.5664432580461892
174,174,0.543157108622367
175,175,0.5271622970811387
176,176,0.5132068595753172
177,177,0.5627774782956371
178,178,0.5509703967151214
179,179,0.5953501571279355
180,180,0.5705014506620576
181,181,0.5072314744164315
182,182,0.5598362726130994
183,183,0.5226804605813258
184,184,0.5329754473391155
185,185,0.5347838156865944
186,186,0.5279726769226791
187,187,0.5679070520933034
188,188,0.5185393918532656
189,189,0.5582034797859705
190,190,0.5166506063529535
191,191,0.5191162872938373
192,192,0.5369102111880967
193,193,0.5179336138247195
194,194,0.5195068578660218
195,195,0.5738067681363264
196,196,0.5395505696269789
197,197,0.5213482310574589
198,198,0.5514839585655672
199,199,0.5617615665027578
200,200,0.5347475456536703
201,201,0.5229949202805582
202,202,0.5198047410302875
203,203,0.5267417269822321
204,204,0.5353855100268938
205,205,0.5239299082533508
206,206,0.516738129595663
207,207,0.5859876972083818
208,208,0.531353046522884
209,209,0.5154954231175162
210,210,0.5537701637314234
211,211,0.5045170786116515
212,212,0.5285449303956647
213,213,0.5732544669394393
214,214,0.5532944284564499
215,215,0.518423349314121
216,216,0.5082044421029578
217,217,0.5241274886879568
218,218,0.5348485473495226
219,219,0.5293980590847811
220,220,0.5325529647316571
221,221,0.6042490431189654
222,222,0.5086320382202707
223,223,0.5283515528605418
224,224,0.525125339550157
225,225,0.5782051923288869
226,226,0.7216226154270722
227,227,0.6045408475430974
228,228,0.56468101441117
229,229,0.5196600672343993
230,230,0.5194578881101177
231,231,0.5250762774320986
232,232,0.5236337907102055
233,233,0.5048883020596459
234,234,0.5243266747540457
235,235,0.5324118675090843
236,236,0.531669435419668
237,237,0.5109108945117996
238,238,0.5183785029606176
239,239,0.5368905068396959
240,240,0.5124116664426016
241,241,0.541950885090505
242,242,0.5501295013864265
243,243,0.5121733714485964
244,244,0.5804375639133748
245,245,0.5133762058984188
246,246,0.542911569429189
247,247,0.5513264902574737
248,248,0.5469973251898543
249,249,0.5498255698187686
250,250,0.5145019509121781
251,251,0.7158285913527883
252,252,0.5337799620079133
253,253,0.5220070433810032
254,254,0.5518327009018511
255,255,0.5384016637500116
256,256,0.5402218558638703
257,257,0.5235276171250003
258,258,0.5247043095334742
259,259,0.5347600009403435
260,260,0.5765583893317173
261,261,0.5182507437204423
262,262,0.520838686929192
263,263,0.6
264,264,0.549029033784546
265,265,0.5601756309670537
266,266,0.5709936027965181
267,267,0.5222120208445167
268,268,0.567710198644236
269,269,0.5208997712140693
270,270,0.5521703565073577
271,271,0.5624359493993812
272,272,0.5232480198180043
273,273,0.543592660550875
274,274,0.5478804693075079
275,275,0.5643290618396801
276,276,0.546639462380279
277,277,0.536844344108232
278,278,0.5109587893822685
279,279,0.5379301201970774
280,280,0.5305596983732561
281,281,0.5368660549865157
282,282,0.5063027226867389
283,283,0.5288787031414544
284,284,0.5108601257321392
285,285,0.5039081587467545
286,286,0.524534435616095
287,287,0.5322172755903333
288,288,0.5192330454655207
289,289,0.5585371829204824
290,290,0.5333756543830107
291,291,0.5276130362500189
292,292,0.5452535763539321
293,293,0.5152738166452282
294,294,0.51706109883253
295,295,0.5925147287534412
296,296,0.5503260387668343
297,297,0.5441919642811823
298,298,0.5304317611004546
299,299,0.5169387423805679
300,300,0.5372982066749254
301,301,0.5622092633087792
302,302,0.5564936204337723
303,303,0.5152754031854441
304,304,0.5384617535702124
305,305,0.5282038037408883
306,306,0.5463145650802907
307,307,0.5614380990199414
308,308,0.566012980248361
309,309,0.6642623117825164
310,310,0.5848921117494676
311,311,0.5333941358927672
312,312,0.5908890989286187
313,313,0.5534140370440439
314,314,0.5171126973470423
315,315,0.6548528475941932
316,316,0.5404182737207119
317,317,0.5761063138951734
318,318,0.5291097835075538
319,319,0.5230331917113279
320,320,0.5322212968124633
321,321,0.5100620543505345
322,322,0.5312983372291995
323,323,0.5279772088144705
324,324,0.5446706962124881
325,325,0.5284047540803329
326,326,0.525260995238265
327,327,0.5295387785594231
328,328,0.5530029851241505
329,329,0.5238467672934068
330,330,0.5278514927889474
331,331,0.5325167102129413
332,332,0.5560975407613826
333,333,0.5228227241960357
334,334,0.5156199162191595
335,335,0.5117340910150144
336,336,0.5415919022203425
337,337,0.5456969527442006
338,338,0.5318586066799685
339,339,0.533198045316816
340,340,0.5196659651977922
341,341,0.5328710790617555
342,342,0.5391445790468864
343,343,0.5799058786114437
344,344,0.5211638785310986
345,345,0.5439476313569271
346,346,0.5208553278537682
347,347,0.5588682179270577
348,348,0.5418839380642825
349,349,0.5380409502217023
350,350,0.5240312581207713
351,351,0.5543953439578273
352,352,0.5772907714055464
353,353,0.5290850389452354
354,354,0.5332992259742674
355,355,0.5350270514744369
356,356,0.5848623122219172
357,357,0.5282716271221994
358,358,0.5217442691017814
359,359,0.5358783835664611
360,360,0.5160416339428808
361,361,0.6085676615265031
362,362,0.5067379162757115
363,363,0.5533325851161748
364,364,0.5697914470597004
365,365,0.6346951389680453
366,366,0.5236791769466954
367,367,0.5223247106828559
368,368,0.5437839114577279
369,369,0.5330127442015156
370,370,0.5699767290008659
371,371,0.5278308516497352
372,372,0.5771788417256758
373,373,0.5881585364034556
374,374,0.5659932391327402
375,375,0.5265455313605463
376,376,0.531544534486299
377,377,0.5748900398239709
378,378,0.5214330881623546
379,379,0.5318988687855121
380,380,0.5339841010425335
381,381,0.5413049341518954
382,382,0.538881050413972
383,383,0.5092959929891878
384,384,0.5487761954512616
385,385,0.5056219614482287
386,386,0.5437810655405046
387,387,0.5583006606538488
388,388,0.5268315106770562
389,389,0.5216482734480343
390,390,0.5184588703370574
391,391,0.5136942249159442
392,392,0.537832777455032
393,393,0.5580154770680706
394,394,0.5471017119082529
395,395,0.5224794603469286
396,396,0.5874581615251033
397,397,0.5203223621263133
398,398,0.54222217012431
399,399,0.5466327022413684
400,400,0.5271550250748114
401,401,0.5495082946912457
402,402,0.523055773029623
403,403,0.5360493509990186
404,404,0.5604638843479817
405,405,0.5706429936856311
406,406,0.5174253758839331
407,407,0.5230611949741746
408,408,0.512978867418844
409,409,0.5555017760852525
410,410,0.5047353731868414
411,411,0.5235714658599743
412,412,0.5425065992628777
413,413,0.5293502334360127
414,414,0.5505737402238213
415,415,0.5201318954277134
416,416,0.5520943618792319
417,417,0.5635392909384062
418,418,0.5923000010474262
419,419,0.5222019846974786
420,420,0.563663422619922
421,421,0.5488714249998875
422,422,0.6026867785530892
423,423,0.5315917638934597
424,424,0.637135528476226
425,425,0.5350972487028975
426,426,0.5069773102428299
427,427,0.536361567075095
428,428,0.5343771967226578
429,429,0.5216867192853814
430,430,0.5710402152382686
431,431,0.5193672224900179
432,432,0.5537749388992309
433,433,0.5354360692143381
434,434,0.5186265098063332
435,435,0.567259270913455
436,436,0.5237834051019872
437,437,0.5110368545738204
438,438,0.5794162137234966
439,439,0.5329881328601644
440,440,0.5591142472691799
441,441,0.5722250751208695
442,442,0.540026638832315
443,443,0.5264639247111386
444,444,0.5218988014965484
445,445,0.5514083243966992
446,446,0.5341699833725484
447,447,0.5151604550121367
448,448,0.5253150868868554
449,449,0.5533454439768564
450,450,0.5426602771244221
451,451,0.5372347167959062
452,452,0.519273346936392
453,453,0.5186248078871887
454,454,0.5307021238214875
455,455,0.5472444806943262
456,456,0.5679945545949118
457,457,0.5685768477560503
458,458,0.5395648066935403
459,459,0.5329399455198457
460,460,0.5422270031997762
461,461,0.5139416784706261
462,462,0.5416359070682772
463,463,0.5440256515020128
464,464,0.5485261586061969
465,465,0.53611329402508
466,466,0.5883997636441876
467,467,0.550752333018755
468,468,0.5476475443886399
469,469,0.5323557110763841
470,470,0.5556018458740669
471,471,0.5242959819778974
472,472,0.5749567617963387
473,473,0.5277750989815154
474,474,0.5179750080471603
475,475,0.5366253320033569
476,476,0.5292360039283306
477,477,0.5412708952670828
478,478,0.5321517925913979
479,479,0.5333762163982041
480,480,0.5553600785043791
481,481,0.5422873667277022
482,482,0.5109204052561143
483,483,0.5271738196629374
484,484,0.5880630571852711
485,485,0.5137844126653883
486,486,0.5240272231578256
487,487,0.5380904035807792
488,488,0.545048308567823
489,489,0.5539634683047105
490,490,0.5339296146565815
491,491,0.5529281031953726
492,492,0.5309307116198559
493,493,0.5401511958928147
494,494,0.5468816430723242
495,495,0.5228736291772413
496,496,0.5506504775081642
497,497,0.5752555883161592
498,498,0.5823669769541582
499,499,0.5561991424860904
500,500,0.5188394420970225
501,501,0.522839954619593
502,502,0.6005141106535267
503,503,0.553576929774079
504,504,0.5186516505337855
505,505,0.5280211230696241
506,506,0.5366227457085986
507,507,0.55345195968783
508,508,0.5240217658168604
509,509,0.5137023847293926
510,510,0.5755495466592416
511,511,0.5312100225233061
512,512,0.5272131002741088
513,513,0.5193408201860339
514,514,0.5450335830111269
515,515,0.5787723481650255
516,516,0.5195975263510588
517,517,0.5805645042810603
518,518,0.5279032042566063
519,519,0.5142019094330649
520,520,0.5692509304705275
521,521,0.6155347792764483
522,522,0.5383805155393199
523,523,0.5161755157601067
524,524,0.5335845536498598
525,525,0.5561153095417675
526,526,0.5679706158571821
527,527,0.5439961479937876
528,528,0.5309354414773808
529,529,0.5763714642135354
530,530,0.5560875096319834
531,531,0.5280744165762166
532,532,0.521993718787045
533,533,0.5233631392062666
534,534,0.5159672051048705
535,535,0.5353158074802505
536,536,0.5112063635625648
537,537,0.5324101861776083
538,538,0.5427583600766723
539,539,0.5339006989603762
540,540,0.535962029412557
541,541,0.5521244262976299
542,542,0.5507503155375143
543,543,0.5945308634383227
544,544,0.5410619307654324
545,545,0.5476803972973563
546,546,0.6519089394816187
547,547,0.5153969378658738
548,548,0.5295541402339663
549,549,0.5966535093075271
550,550,0.5264051771051865
551,551,0.5173352493052857
552,552,0.528232893474202
553,553,0.528769708784572
554,554,0.5278374583801904
555,555,0.5530589270641693
556,556,0.5442484789846769
557,557,0.6131456734039262
558,558,0.5410758857842031
559,559,0.6057638590295239
560,560,0.505980095487339
561,561,0.5537300550942694
562,562,0.5425610016477385
563,563,0.5320135397160349
564,564,0.5833914719095321
565,565,0.5169871391905223
566,566,0.536978669105141
567,567,0.5508621076148371
568,568,0.5078690604198202
569,569,0.5351010930629692
570,570,0.5273651440387951
571,571,0.511470816879928
572,572,0.5442144789820531
573,573,0.5767491351232196
574,574,0.5510270367641831
575,575,0.5582535156378924
576,576,0.5596284793999944
577,577,0.5263613061163399
578,578,0.532447817756238
579,579,0.5213049456516523
580,580,0.5356126801436368
581,581,0.5455521072494652
582,582,0.5289418903599976
583,583,0.6342763138134546
584,584,0.5378326766727421
585,585,0.5862439361864104
586,586,0.5173746157984035
587,587,0.5351202078717748
588,588,0.5588203198343834
589,589,0.5646322650653972
590,590,0.5600102502631502
591,591,0.6135151030304589
592,592,0.5404737827804584
593,593,0.5121674515760632
594,594,0.5241071359935505
595,595,0.5171692917879238
596,596,0.5549854406831423
597,597,0.62698318189728
598,598,0.55052051305458
599,599,0.5260890903566033
600,600,0.5586272058901207
601,601,0.6615583902779361
602,602,0.5472315209267271
603,603,0.513121597027037
604,604,0.571193496553432
605,605,0.5261026907507775
606,606,0.5613245930746504
607,607,0.5473116381590997
608,608,0.5285497955230182
609,609,0.5424094464839986
610,610,0.5446084268238595
611,611,0.5207795874764586
612,612,0.5373542974672881
613,613,0.5518948086047757
614,614,0.5538701929982097
615,615,0.5570148766846543
616,616,0.6062630414726364
617,617,0.542828018054012
618,618,0.5184211802025207
619,619,0.524343892658024
620,620,0.5234078584356927
621,621,0.5218515857925599
622,622,0.5370542765540745
623,623,0.5297168535925054
624,624,0.5727207699470309
625,625,0.5717324354938963
626,626,0.5679815834182887
627,627,0.521993718787045
628,628,0.5363022546810409
629,629,0.5127585828757295
630,630,0.513916944347269
631,631,0.540152436935212
632,632,0.5155742386865905
633,633,0.5404959230871536
634,634,0.5190071480317426
635,635,0.5444471311077907
636,636,0.5409921757958147
637,637,0.5130470549760282
638,638,0.6107924143769317
639,639,0.5295989040151594
640,640,0.5119659693102956
641,641,0.5672857321496156
642,642,0.5506389754877178
643,643,0.5695936287534819
644,644,0.606746286183397
645,645,0.5435799206764538
646,646,0.5346807414684901
647,647,0.5343401409871722
648,648,0.5501265190249224
649,649,0.5260484163735313
650,650,0.5430688177929636
651,651,0.5497291656310113
652,652,0.5688021343704031
653,653,0.5394093393554498
654,654,0.5540953461619613
655,655,0.541595286675308
656,656,0.5222777382100745
657,657,0.546119897908196
658,658,0.5548452099370673
659,659,0.5369975849586924
660,660,0.6017819055246811
661,661,0.5595719948603971
662,662,0.5116125105096669
663,663,0.5208542624629366
664,664,0.5215893884794187
665,665,0.5472766892591304
666,666,0.660729880831858
667,667,0.6819043311628966
668,668,0.5486905045992403
669,669,0.5163762007821928
670,670,0.6220966006181362
671,671,0.5486029960539247
672,672,0.5720957760924703
673,673,0.5180123066095577
674,674,0.5778842251741705
675,675,0.5722374535670568
676,676,0.5392790088483026
677,677,0.5447773662839646
678,678,0.5224742368170923
679,679,0.5343653808294763
680,680,0.5557679479052662
681,681,0.5421681308632977
682,682,0.5500008163465229
683,683,0.5513094675103033
684,684,0.5299982427981302
685,685,0.5763479897838931
686,686,0.5317694163307338
687,687,0.5234676132745558
688,688,0.5114818916367239
689,689,0.5113537442662054
690,690,0.5878410461157884
691,691,0.5301367696436516
692,692,0.5499436717183281
693,693,0.5607293359704092
694,694,0.5440161480852198
695,695,0.5353485765856656
696,696,0.5234495070587211
697,697,0.5194049808628982
698,698,0.5488382565763643
699,699,0.5601109318904596
700,700,0.5581808802036838
701,701,0.5154358031914064
702,702,0.5238792443798751
703,703,0.5583874208121142
704,704,0.5545920833684012
705,705,0.5271973764563341
706,706,0.5932746438408651
707,707,0.5255207151593563
708,708,0.534177348757491
709,709,0.5252092086682758
710,710,0.5481271086151391
711,711,0.5042707363206929
712,712,0.5317012681858402
713,713,0.5153704338341583
714,714,0.5233875083532973
715,715,0.5552100399526442
716,716,0.5592176806860139
717,717,0.5419147760649076
718,718,0.5403855021876922
719,719,0.5283817474855534
720,720,0.5636196387461381
721,721,0.5440081436291957
722,722,0.5992054473263478
723,723,0.5692352519808396
724,724,0.525580074476016
725,725,0.5600167771802467
726,726,0.5489995957550025
727,727,0.5184089132106872
728,728,0.5125916226086562
729,729,0.5388619108149595
730,730,0.5423320421430597
731,731,0.5690229289412305
732,732,0.5456014048687072
733,733,0.5442173993658278
734,734,0.5319965355844516
735,735,0.5281596208163628
736,736,0.518769439369077
737,737,0.5330752696096048
738,738,0.5415492805111887
739,739,0.5610612135795288
740,740,0.5266655109413756
741,741,0.5371022804106652
742,742,0.5367359179185323
743,743,0.5175339684381605
744,744,0.5419202191406267
745,745,0.5785597231031518
746,746,0.5047616888171951
747,747,0.5606615408994629
748,748,0.5218093301079256
749,749,0.5160669574969394
750,750,0.5320004146857467
751,751,0.5143281587559615
752,752,0.5721507482157966
753,753,0.5112743082465793
754,754,0.5853373297748761
755,755,0.5415494259060818
756,756,0.5464755602812486
757,757,0.646958357074225
758,758,0.5211500920328156
759,759,0.5282602953943716
760,760,0.5546150125407496
761,761,0.5492986295171489
762,762,0.5193640287559955
763,763,0.5811944834733307
764,764,0.5274883829201482
765,765,0.5289435603083714
766,766,0.5414881025878873
767,767,0.5441972431837367
768,768,0.5530065945297591
769,769,0.5399735625654696
770,770,0.5323512703189784
771,771,0.5394126411481386
772,772,0.5742604998429025
773,773,0.523507586447177
774,774,0.599324854036869
775,775,0.5691783082929174
776,776,0.5275411316377622
777,777,0.5390059389859525
778,778,0.5552101540422008
779,779,0.5175813924582245
780,780,0.520010763140321
781,781,0.537565326556728
782,782,0.5220283555265701
783,783,0.5550311968055766
784,784,0.6712024283965681
785,785,0.5452549417103086
786,786,0.5230007249942779
787,787,0.5103056280146067
788,788,0.5179864792494965
789,789,0.5630419804823172
790,790,0.5233009726308586
791,791,0.5171096477707289
792,792,0.5316070704808129
793,793,0.5398712589679683
794,794,0.540599281171133
795,795,0.5620756269291468
796,796,0.5679562147392757
797,797,0.515281551466307
798,798,0.5341835503811171
799,799,0.5100453465925967
800,800,0.5279446127779761
801,801,0.5279856719050717
802,802,0.5836106020619193
803,803,0.5436668871335637
804,804,0.547329477354382
805,805,0.5839514965832657
806,806,0.5207073587472741
807,807,0.5545425746813221
808,808,0.5360848812601966
809,809,0.525697988760838
810,810,0.5584601856355966
811,811,0.5867297838656327
812,812,0.5295370467157899
813,813,0.6101585564444569
814,814,0.5571877545744741
815,815,0.5534164141704416
816,816,0.5358678525842132
817,817,0.5985460555852556
818,818,0.5310443753459507
819,819,0.5218559328727148
820,820,0.5351577827911029
821,821,0.5424155498799406
822,822,0.5125466465334974
823,823,0.5296807929098887
824,824,0.5563133337100947
825,825,0.5412946571960009
826,826,0.5435444690815642
827,827,0.5772180631867765
828,828,0.5434872844799387
829,829,0.5476725292075695
830,830,0.6537698709355524
831,831,0.5393606208611637
832,832,0.557064021248142
833,833,0.5382746616115505
834,834,0.5355302993371605
835,835,0.5338234678138098
836,836,0.5269593816340443
837,837,0.6771532067547746
838,838,0.5528937610470835
839,839,0.5538100033931519
840,840,0.5371210894542492
841,841,0.5429536779587558
842,842,0.5299461453639733
843,843,0.5327262912201821
844,844,0.5573391991680198
845,845,0.5266649865062096
846,846,0.5473098935343403
847,847,0.5653904188188872
848,848,0.571160707651905
849,849,0.613486854574377
850,850,0.5580895498644087
851,851,0.5314097638208375
852,852,0.544838482473089
853,853,0.5487251229958996
854,854,0.5271611781688169
855,855,0.5184543311049217
856,856,0.5294883759769287
857,857,0.5569653267674965
858,858,0.538621804085574
859,859,0.5691182053186643
860,860,0.5117285386442461
861,861,0.5240058901676703
862,862,0.5437923713550976
863,863,0.5334478967759079
864,864,0.5118094373243333
865,865,0.5703381755900844
866,866,0.5543433812851646
867,867,0.5178961646263218
868,868,0.6099410751589391
869,869,0.5458767412316539
870,870,0.5040468587271356
871,871,0.5356658225784483
872,872,0.5353456681590595
873,873,0.5394308163938359
874,874,0.5402646613413125
875,875,0.51226994055863
876,876,0.5255996791123057
877,877,0.5451977778390935
878,878,0.5271278789378437
879,879,0.5492177778770452
880,880,0.5332205298513375
881,881,0.5313174923278974
882,882,0.5440529267538047
883,883,0.5104711602553316
884,884,0.5230739429663402
885,885,0.5200836468485683
886,886,0.5235657716832727
887,887,0.5240964400064606
888,888,0.5382859147954342
889,889,0.5450225168890748
890,890,0.5766887138053676
891,891,0.5454331181984988
892,892,0.5306569669742482
893,893,0.5458759792122825
894,894,0.5326959850071369
895,895,0.5616485788871742
896,896,0.571186094603612
897,897,0.5139414296135505
898,898,0.5489067239752371
899,899,0.5713104249734263
900,900,0.5164421207888996
901,901,0.600229784081618
902,902,0.5469217805150254
903,903,0.5680582092587255
904,904,0.6067872125861979
905,905,0.5198972865037587
906,906,0.5172483538956525
907,907,0.5662672865625834
908,908,0.5566052129871509
909,909,0.5344073189925793
910,910,0.5110345352416718
911,911,0.5302171576331847
912,912,0.5616700079087564
913,913,0.6284029783697657
914,914,0.5803833419142556
915,915,0.5552208414113502
916,916,0.5821505601354343
917,917,0.5151235088675298
918,918,0.5264039770905269
919,919,0.5535986395642347
920,920,0.5204937922319854
921,921,0.5377673897010602
922,922,0.5530701097385797
923,923,0.5157103856365068
924,924,0.5407881503163161
925,925,0.5073745474906521
926,926,0.5308593135688855
927,927,0.5473457399292183
928,928,0.528084806857585
929,929,0.5184420097580449
930,930,0.5526823594796514
931,931,0.5741820167201359
932,932,0.5278483745747977
933,933,0.6019238688036005
934,934,0.5812365824738452
935,935,0.5220864509599046
936,936,0.5145682774073235
937,937,0.5940864193364912
938,938,0.5235925339349594
939,939,0.5351033167897057
940,940,0.5523605662031363
941,941,0.5336738445367002
942,942,0.5378918601711091
943,943,0.544777698311254
944,944,0.5201971633633391
945,945,0.5563549871417532
946,946,0.548563978886545
947,947,0.5513044673330135
948,948,0.5396101383240659
949,949,0.5323223696134016
950,950,0.5133076654215107
951,951,0.5219104378954504
952,952,0.5500016000768041
953,953,0.5434310624192795
954,954,0.5239153301781304
955,955,0.5547350455353447
956,956,0.55337705370141
957,957,0.5222717701593687
958,958,0.5065643516134342
959,959,0.585433188951366
960,960,0.5916706511913497
961,961,0.5427697046660578
962,962,0.5482679402980798
963,963,0.5181685645705543
964,964,0.510708823421953
965,965,0.5046601945261717
966,966,0.6264030405927258
967,967,0.5176621529688381
968,968,0.5130391773244374
969,969,0.551110959671455
970,970,0.5246753246753246
971,971,0.5042987553027746
972,972,0.5360887974640511
973,973,0.5402039239028625
974,974,0.6317161773144233
975,975,0.54520052429694
976,976,0.5537906571483084
977,977,0.5228838192466454
978,978,0.5284993986690321
979,979,0.5532667594692795
980,980,0.5226272235269847
981,981,0.519389168358237
982,982,0.5448494188169194
983,983,0.5690177680757664
984,984,0.5379574990779256
985,985,0.5543506919092847
986,986,0.5437171031136327
987,987,0.5283775383132012
988,988,0.5495496215205162
989,989,0.5445783539475844
990,990,0.5622230708658225
991,991,0.5555186791054301
992,992,0.5211056760470616
993,993,0.5558900568882823
994,994,0.5385670090575225
995,995,0.5289453276747229
996,996,0.5682589881140763
997,997,0.5246906217494598
998,998,0.5344876471092865
999,999,0.5311303161986265
1000,1000,0.5823901098440123
1001,1001,0.524478809379667
1002,1002,0.5180350349826905
1003,1003,0.521158541617517
1004,1004,0.5387639570762636
1005,1005,0.5356001969373037
1006,1006,0.5397967595613883
1007,1007,0.5812277311879905
1008,1008,0.5296118040813933
1009,1009,0.5804826594165711
1010,1010,0.516906557333441
1011,1011,0.5593060637891923
1012,1012,0.5292615997460537
1013,1013,0.5252411969634476
1014,1014,0.5456216533182643
1015,1015,0.5268998692167404
1016,1016,0.5441561744682029
1017,1017,0.5113213189833241
1018,1018,0.5402177132289945
1019,1019,0.5323464051044281
1020,1020,0.54788723542215
1021,1021,0.5266817626164217
1022,1022,0.53125
1023,1023,0.6324453874010043
1024,1024,0.5669718166854565
1025,1025,0.5119132067961585
1026,1026,0.5470756541762004
1027,1027,0.5392370887304334
1028,1028,0.5226861144819798
1029,1029,0.5650472065932458
1030,1030,0.5581408683439999
1031,1031,0.5526260009880268
1032,1032,0.5361020240715921
1033,1033,0.504334427459513
1034,1034,0.511092638760662
1035,1035,0.5130104866126022
1036,1036,0.5206710686873507
1037,1037,0.5367154313572242
1038,1038,0.539303727361394
1039,1039,0.5358761340675049
1040,1040,0.5342321783092866
1041,1041,0.5629270469138569
1042,1042,0.530202357161254
1043,1043,0.5564974944873097
1044,1044,0.5449385108758054
1045,1045,0.5221784561093861
1046,1046,0.5417265258080866
1047,1047,0.5803401196747896
1048,1048,0.5829451946742337
1049,1049,0.5508538680949112
1050,1050,0.552999894000318
1051,1051,0.542213270779313
1052,1052,0.5074545539317951
1053,1053,0.5250442347736064
1054,1054,0.5243332131696143
1055,1055,0.5649535968057751
1056,1056,0.5222656351924013
1057,1057,0.5257025814474658
1058,1058,0.5416030909409788
1059,1059,0.5338060509440213
1060,1060,0.5297855534782002
1061,1061,0.5353083892896405
1062,1062,0.5242179739848241
1063,1063,0.5825013520024509
1064,1064,0.6327392905625896
1065,1065,0.5548062988590432
1066,1066,0.5614664675678495
1067,1067,0.5978179192364109
1068,1068,0.5434145616716131
1069,1069,0.5269035489041434
1070,1070,0.5371674093158744
1071,1071,0.5100865809861864
1072,1072,0.5457679292586958
1073,1073,0.5413275673308022
1074,1074,0.5322353812510567
1075,1075,0.5249520842670491
1076,1076,0.5517623475228888
1077,1077,0.5244376679238683
1078,1078,0.526981321899639
1079,1079,0.5286008908890714
1080,1080,0.5458485641687342
1081,1081,0.5242191927709616
1082,1082,0.5209585006824898
1083,1083,0.5231811933443411
1084,1084,0.5595951408706492
1085,1085,0.51517784842771
1086,1086,0.5587482472468664
1087,1087,0.5396953374306587
1088,1088,0.5433902829021988
1089,1089,0.540841502450817
1090,1090,0.560812982086982
1091,1091,0.6011483450797221
1092,1092,0.5515386141661764
1093,1093,0.5074217761923733
1094,1094,0.57965023655188
1095,1095,0.5114741690524067
1096,1096,0.5475291708968456
1097,1097,0.599244033655044
1098,1098,0.5202947516440644
1099,1099,0.5105331261058685
1100,1100,0.5413861515964813
1101,1101,0.5630471058798974
1102,1102,0.5569656057417341
1103,1103,0.5333792835522035
1104,1104,0.5762913791686737
1105,1105,0.5136589591177039
1106,1106,0.5270496003434377
1107,1107,0.5406413606010092
1108,1108,0.5233720787001197
1109,1109,0.5292031935021027
1110,1110,0.5275820193289428
1111,1111,0.5403736276083697
1112,1112,0.5352551113347885
1113,1113,0.5722321463043691
1114,1114,0.5350778115179331
1115,1115,0.5552177553433661
1116,1116,0.5327234507071958
1117,1117,0.527755594105049
1118,1118,0.528784201558598
1119,1119,0.5859709467674559
1120,1120,0.537829995690797
1121,1121,0.544324156213502
1122,1122,0.5188273510352743
1123,1123,0.5384283921618472
1124,1124,0.5594282767584815
1125,1125,0.5479366462333133
1126,1126,0.5914607275434196
1127,1127,0.5425073345938332
1128,1128,0.513078926844304
1129,1129,0.5487426681918444
1130,1130,0.5271038777970984
1131,1131,0.5835085110951723
1132,1132,0.5191922951927256
1133,1133,0.5187619693596615
1134,1134,0.5692689437992482
1135,1135,0.5261449185770648
1136,1136,0.5844971794826838
1137,1137,0.5196531643479194
1138,1138,0.5557389446278613
1139,1139,0.5353786221300494
1140,1140,0.5327859623175614
1141,1141,0.5230543760678439
1142,1142,0.5430997115920615
1143,1143,0.5253741651332178
1144,1144,0.5317390951537567
1145,1145,0.5246731885609913
1146,1146,0.53699643876936
1147,1147,0.5439764547391962
1148,1148,0.5230539583462768
1149,1149,0.5242423606393052
1150,1150,0.5158636211437493
1151,1151,0.5623151894105831
1152,1152,0.5305377572507908
1153,1153,0.5386831750105361
1154,1154,0.5347223876051207
1155,1155,0.5978319690231879
1156,1156,0.5366037431071369
1157,1157,0.5382258879130257
1158,1158,0.5362138042845332
1159,1159,0.5467110475082632
1160,1160,0.5499154440064857
1161,1161,0.5321412173266613
1162,1162,0.566047642475658
1163,1163,0.5088399763644187
1164,1164,0.5472138949097543
1165,1165,0.5570419070973035
1166,1166,0.5405879880835087
1167,1167,0.533390786056154
1168,1168,0.5396820873284118
1169,1169,0.5301961512716213
1170,1170,0.5443443097733136
1171,1171,0.5271923924152457
1172,1172,0.5330862415217504
1173,1173,0.5285177527743266
1174,1174,0.526188095203884
1175,1175,0.5319557904981103
1176,1176,0.5262653122156521
1177,1177,0.5296527452840767
1178,1178,0.5943430510081931
1179,1179,0.5267269098262409
1180,1180,0.5374269716931084
1181,1181,0.5297710039028736
1182,1182,0.5425318478320982
1183,1183,0.5579598509889286
1184,1184,0.5314306110154458
1185,1185,0.5656332046634065
1186,1186,0.5795022323367343
1187,1187,0.5574563732038904
1188,1188,0.5093018895917403
1189,1189,0.5420182903408008
1190,1190,0.5368493955033845
1191,1191,0.5851937806551155
1192,1192,0.5383987010487692
1193,1193,0.5226778133720469
1194,1194,0.561242743164877
1195,1195,0.5346563690858013
1196,1196,0.5453067110160863
1197,1197,0.5475868130080896
1198,1198,0.5302474517309449
1199,1199,0.5871546913288122
1200,1200,0.5212771308635991
1201,1201,0.5300004898079137
1202,1202,0.5709135786163969
1203,1203,0.5619084432060202
1204,1204,0.5168361740050641
1205,1205,0.5078575302309052
1206,1206,0.5370927487466797
1207,1207,0.53526372102748
1208,1208,0.5585530749703997
1209,1209,0.531015046360747
1210,1210,0.5226690848313577
1211,1211,0.5390851449123599
1212,1212,0.5072512827203414
1213,1213,0.5153368900173303
1214,1214,0.5188982236504613
1215,1215,0.5471270498291141
1216,1216,0.579455215770466
1217,1217,0.5514384525125626
1218,1218,0.535238956249564
1219,1219,0.5175809295703033
1220,1220,0.519206239964103
1221,1221,0.6272149154472269
1222,1222,0.5882836309677348
1223,1223,0.5425718198025081
1224,1224,0.5496241318022113
1225,1225,0.516798451777227
1226,1226,0.5698859460229667
1227,1227,0.5610664008916442
1228,1228,0.5670106246695156
1229,1229,0.5647426158727248
1230,1230,0.5347109968122186
1231,1231,0.5154896387934841
1232,1232,0.5147748410284715
1233,1233,0.5752081830955054
1234,1234,0.5335436403617752
1235,1235,0.597439939373736
1236,1236,0.5725443211406078
1237,1237,0.5350087355925977
1238,1238,0.5558718719390061
1239,1239,0.620115508786929
1240,1240,0.5381502501527629
1241,1241,0.5643708768018973
1242,1242,0.5573705224814308
1243,1243,0.5357277204543527
1244,1244,0.5279461780372776
1245,1245,0.5379635331531663
1246,1246,0.5409088422338797
1247,1247,0.5318133794996611
1248,1248,0.5142784312292706
1249,1249,0.5219829677886447
1250,1250,0.521067849179996
1251,1251,0.5190881618448403
1252,1252,0.5406202306631323
1253,1253,0.5604235516272775
1254,1254,0.517069718549973
1255,1255,0.545688030947976
1256,1256,0.5718849434575548
1257,1257,0.5776993780189684
1258,1258,0.529537214360285
1259,1259,0.5363643042174131
1260,1260,0.5459194298662856
1261,1261,0.529449351640971
1262,1262,0.5513905209993233
1263,1263,0.5414934187321143
1264,1264,0.5319493752840886
1265,1265,0.5725043686696294
1266,1266,0.5483928752764393
1267,1267,0.5248290382342811
1268,1268,0.5517102997985137
1269,1269,0.506730505392164
1270,1270,0.52589683053843
1271,1271,0.5155040436718319
1272,1272,0.5339621885854602
1273,1273,0.5240118359498531
1274,1274,0.530118770682624
1275,1275,0.528763486045617
1276,1276,0.5323915820536298
1277,1277,0.5622014136724712
1278,1278,0.52069063759006
1279,1279,0.6054127691564825
1280,1280,0.519077115489605
1281,1281,0.5151564571791925
1282,1282,0.5785947014806999
1283,1283,0.5924874503424831
1284,1284,0.5542015832804934
1285,1285,0.6069901231277282
1286,1286,0.5458349248514105
1287,1287,0.5893014425253691
1288,1288,0.5168878986575411
1289,1289,0.5165371165763781
1290,1290,0.5124072916746366
1291,1291,0.5412595186374443
1292,1292,0.5318733824236923
1293,1293,0.5558993599485064
1294,1294,0.5325344629729717
1295,1295,0.5519304997901227
1296,1296,0.5460845173301749
1297,1297,0.5292948188562352
1298,1298,0.557438519699741
1299,1299,0.513647019740489
1300,1300,0.5880994429298894
1301,1301,0.5157439127892222
1302,1302,0.5264437491534703
1303,1303,0.5256846852834823
1304,1304,0.5422929508224804
1305,1305,0.5179823081672236
1306,1306,0.5581069203834067
1307,1307,0.5273634719851571
1308,1308,0.5219157520431598
1309,1309,0.5424585985247546
1310,1310,0.546910625603761
1311,1311,0.5262683890552442
1312,1312,0.5331395893346729
1313,1313,0.5485507768650044
1314,1314,0.5714741689891862
1315,1315,0.519716291898757
1316,1316,0.547521984002578
1317,1317,0.5102762226006774
1318,1318,0.53314664193879
1319,1319,0.5530390949671686
1320,1320,0.5245470660808449
1321,1321,0.5662369908916507
1322,1322,0.5240390033274117
1323,1323,0.5692602611548884
1324,1324,0.5226074067769934
1325,1325,0.5236735542756753
1326,1326,0.5205670369285755
1327,1327,0.5328664759138458
1328,1328,0.5463365364571278
1329,1329,0.5243186573828642
1330,1330,0.5347717900165117
1331,1331,0.5517675179860546
1332,1332,0.5342759272788773
1333,1333,0.521758419247339
1334,1334,0.5459916982895465
1335,1335,0.5087550201862271
1336,1336,0.6020593606154174
1337,1337,0.5288797628995554
1338,1338,0.5617176664235453
1339,1339,0.5737727243990469
1340,1340,0.5433169643816499
1341,1341,0.5214374871690208
1342,1342,0.5127587558937396
1343,1343,0.5118072639059814
1344,1344,0.5228036822449855
1345,1345,0.5267341102126708
1346,1346,0.5335428933533686
1347,1347,0.542618452124564
1348,1348,0.5623813203398823
1349,1349,0.5601417779429119
1350,1350,0.5300462606288665
1351,1351,0.5362606076224619
1352,1352,0.5113189399637201
1353,1353,0.5200500828122603
1354,1354,0.5652003343353758
1355,1355,0.5506659285900962
1356,1356,0.5489702106874392
1357,1357,0.558159668950884
1358,1358,0.549193429386771
1359,1359,0.5301662213411111
1360,1360,0.519821126834708
1361,1361,0.5247096142520102
1362,1362,0.5226175080841984
1363,1363,0.5544647626294026
1364,1364,0.5407666325391858
1365,1365,0.5544379445386678
1366,1366,0.5119613340023561
1367,1367,0.540565909701941
1368,1368,0.5852813580925548
1369,1369,0.5592922334559862
1370,1370,0.5597766428753004
1371,1371,0.5301969220839386
1372,1372,0.5505026650024242
1373,1373,0.5183162565441812
1374,1374,0.5696592711658246
1375,1375,0.5305726778652037
1376,1376,0.5351732946683041
1377,1377,0.518986581228931
1378,1378,0.5210807267923401
1379,1379,0.5179712001470433
1380,1380,0.5228455006035564
1381,1381,0.5419144699749603
1382,1382,0.5959144459173629
1383,1383,0.5283004510573773
1384,1384,0.5332163054706169
1385,1385,0.5381641289479737
1386,1386,0.575595887695561
1387,1387,0.5164776102958412
1388,1388,0.6557508237449503
1389,1389,0.5372602869911628
1390,1390,0.5490335601682504
1391,1391,0.5315090049849456
1392,1392,0.5316868552420692
1393,1393,0.5293925885375175
1394,1394,0.5547974714081395
1395,1395,0.5165803910031838
1396,1396,0.5217679311359822
1397,1397,0.5473681914289914
1398,1398,0.5257555803095418
1399,1399,0.5730588204180433
1400,1400,0.5763792393887697
1401,1401,0.5368485951050022
1402,1402,0.5449923793600651
1403,1403,0.5430028779975535
1404,1404,0.5523605345660871
1405,1405,0.5205951846690118
1406,1406,0.5764545053153038
1407,1407,0.5486030477355284
1408,1408,0.5358057437019716
1409,1409,0.5410865293483238
1410,1410,0.6053532027860478
1411,1411,0.5520603966015761
1412,1412,0.5301175110505381
1413,1413,0.5535762337345326
1414,1414,0.5987988166182083
1415,1415,0.5160378130323938
1416,1416,0.5279162642036834
1417,1417,0.514920218853324
1418,1418,0.5390798631442958
1419,1419,0.6024746355812964
1420,1420,0.5216125230747577
1421,1421,0.5256965537535947
1422,1422,0.5498612050674461
1423,1423,0.5395183232640903
1424,1424,0.5283980068916708
1425,1425,0.5394915278269541
1426,1426,0.5520505787220498
1427,1427,0.5164106844754788
1428,1428,0.5750318624940416
1429,1429,0.516190285220478
1430,1430,0.52776117080731
1431,1431,0.5873862897505303
1432,1432,0.6048576896008457
1433,1433,0.5648496066176452
1434,1434,0.5528888887279957
1435,1435,0.5426821274931444
1436,1436,0.5321130621788313
1437,1437,0.5435080025325447
1438,1438,0.5102944311154778
1439,1439,0.5173626024295672
1440,1440,0.5184358813502646
1441,1441,0.5225663256060972
1442,1442,0.5540164623167745
1443,1443,0.5140078881432055
1444,1444,0.5658235421563194
1445,1445,0.5039718832597415
1446,1446,0.5210675242900096
1447,1447,0.575895026291477
1448,1448,0.5459478617214544
1449,1449,0.5469926726271026
1450,1450,0.6008022845752901
1451,1451,0.5385412364825659
1452,1452,0.5259597726664481
1453,1453,0.5908547485107616
1454,1454,0.524881761304238
1455,1455,0.5115379701794196
1456,1456,0.5301902170286126
1457,1457,0.5567520558627593
1458,1458,0.5697837517561578
1459,1459,0.5301827096838014
1460,1460,0.5288942798198533
1461,1461,0.5356366483356625
1462,1462,0.511061885990546
1463,1463,0.5248434303379134
1464,1464,0.5785175057994187
1465,1465,0.559491609846418
1466,1466,0.5184883636816713
1467,1467,0.6146703361761374
1468,1468,0.5852613836745527
1469,1469,0.5291345102687293
1470,1470,0.6209144977667143
1471,1471,0.6002029481130682
1472,1472,0.5089153439738399
1473,1473,0.5390831041178797
1474,1474,0.5257703049779019
1475,1475,0.5077454826148784
1476,1476,0.5559597619052661
1477,1477,0.5521034843824136
1478,1478,0.509599913985156
1479,1479,0.5478962781880412
1480,1480,0.5384615899743328
1481,1481,0.5257665080457498
1482,1482,0.5043841286436478
1483,1483,0.5539370212944268
1484,1484,0.66746762925767
1485,1485,0.6255208151167451
1486,1486,0.5350754142937296
1487,1487,0.5594963475571696
1488,1488,0.5320524753260722
1489,1489,0.5230152090794629
1490,1490,0.5239161230469118
1491,1491,0.5582802429128912
1492,1492,0.5175561720794195
1493,1493,0.5159274443709732
1494,1494,0.5348361504000487
1495,1495,0.5150113096529785
1496,1496,0.5707888025301855
1497,1497,0.5155181034560452
1498,1498,0.5614114076425517
1499,1499,0.5524651376970949
1500,1500,0.5163227946766195
1501,1501,0.5485279724986789
1502,1502,0.5475708238141302
1503,1503,0.56290861970327
1504,1504,0.5141047230972144
1505,1505,0.5291209986856645
1506,1506,0.5263676462940989
1507,1507,0.5512757908838979
1508,1508,0.5334877563151722
1509,1509,0.5033596605033014
1510,1510,0.5826359899590942
1511,1511,0.5487231558042306
1512,1512,0.5830926045650171
1513,1513,0.5602597476253325
1514,1514,0.5350330780835344
1515,1515,0.5434926991416704
1516,1516,0.539706905355068
1517,1517,0.5554599656320115
1518,1518,0.5227146634877771
1519,1519,0.5280788934699185
1520,1520,0.5263340326574861
1521,1521,0.5534610856559821
1522,1522,0.5508417218832549
1523,1523,0.636816256222448
1524,1524,0.5701312229306752
1525,1525,0.5173719199480176
1526,1526,0.5185191536169812
1527,1527,0.5265105874129549
1528,1528,0.5342141322056719
1529,1529,0.5339645576961914
1530,1530,0.5461683931278067
1531,1531,0.5291950813567919
1532,1532,0.5199306459776243
1533,1533,0.5570701100005138
1534,1534,0.5314892398384294
1535,1535,0.5251384179289754
1536,1536,0.5275618309742884
1537,1537,0.5449027204083849
1538,1538,0.638022654406974
1539,1539,0.5703563196593174
1540,1540,0.5636967757133503
1541,1541,0.5443639025936813
1542,1542,0.5218821598857801
1543,1543,0.534933350584375
1544,1544,0.5400418696291905
1545,1545,0.5471690893283212
1546,1546,0.5200740087799558
1547,1547,0.6040454127569174
1548,1548,0.5706550485937832
1549,1549,0.5333717083610496
1550,1550,0.5457126340729734
1551,1551,0.5385045260880101
1552,1552,0.5297130501514196
1553,1553,0.5564076074817766
1554,1554,0.5725039583895756
1555,1555,0.6511668370698769
1556,1556,0.5372252710254701
1557,1557,0.5378662920104299
1558,1558,0.5345848294212344
1559,1559,0.5223177387741356
1560,1560,0.5179130686108921
1561,1561,0.5666551076433173
1562,1562,0.5301836731257724
1563,1563,0.560572504819274
1564,1564,0.531625900301657
1565,1565,0.5414408916354612
1566,1566,0.5729659200179562
1567,1567,0.5241136027231488
1568,1568,0.5089787591132049
1569,1569,0.523820686582559
1570,1570,0.5161230414573311
1571,1571,0.5258038382451491
1572,1572,0.5353355969755171
1573,1573,0.5673073323037907
1574,1574,0.5345680852890811
1575,1575,0.5683581782174695
1576,1576,0.5575774810331253
1577,1577,0.5439999408620623
1578,1578,0.5327942696597572
1579,1579,0.5168810507556033
1580,1580,0.5500034297081359
1581,1581,0.5091517116318229
1582,1582,0.5140463733964344
1583,1583,0.5331916435273376
1584,1584,0.5242257812402067
1585,1585,0.5270705910221162
1586,1586,0.5547791605745351
1587,1587,0.5446164100188395
1588,1588,0.5119582667222362
1589,1589,0.524258008317884
1590,1590,0.5550766583644668
1591,1591,0.5522274256001551
1592,1592,0.5227828667940903
1593,1593,0.5416677606676032
1594,1594,0.5254685815986806
1595,1595,0.5813334438652704
1596,1596,0.5441848452385516
1597,1597,0.5722501358694103
1598,1598,0.562353585773079
1599,1599,0.5231116874047952
1600,1600,0.5160783387175171
1601,1601,0.5377756971224161
1602,1602,0.5174759054191265
1603,1603,0.5242934651375513
1604,1604,0.5243780108345564
1605,1605,0.5541722769331864
1606,1606,0.5497758022637195
1607,1607,0.5185935928221606
1608,1608,0.5505687042248495
1609,1609,0.5404523594981888
1610,1610,0.5838620974256432
1611,1611,0.5223241331660684
1612,1612,0.5303867143982652
1613,1613,0.5179435308463421
1614,1614,0.5332218946707208
1615,1615,0.5340788005938918
1616,1616,0.5152701701505784
1617,1617,0.5111701897811056
1618,1618,0.5112821633443498
1619,1619,0.533154987770422
1620,1620,0.5382778342401635
1621,1621,0.5186400061308977
1622,1622,0.5529131598288174
1623,1623,0.5528024842321295
1624,1624,0.571362489162281
1625,1625,0.534598027759644
1626,1626,0.5364747896825426
1627,1627,0.5775723294079419
1628,1628,0.5253345920573529
1629,1629,0.6072755740876025
1630,1630,0.5263015633374132
1631,1631,0.5245341835756545
1632,1632,0.5640632996932191
1633,1633,0.5486716340023541
1634,1634,0.5375564449805688
1635,1635,0.548053130651607
1636,1636,0.5477727004811657
1637,1637,0.5496966604966183
1638,1638,0.5176739590781303
1639,1639,0.5444341210949255
1640,1640,0.5607024793010944
1641,1641,0.5155863036731232
1642,1642,0.5592845020945173
1643,1643,0.5226804605813258
1644,1644,0.514809082793471
1645,1645,0.5327514039736094
1646,1646,0.5566171962926738
1647,1647,0.5913727091065006
1648,1648,0.5839255676876585
1649,1649,0.5100827297079771
1650,1650,0.5160573436105846
1651,1651,0.5263811184791166
1652,1652,0.5761134287751019
1653,1653,0.5289195944681544
1654,1654,0.575137527891565
1655,1655,0.5621622951908649
1656,1656,0.5148518565617384
1657,1657,0.5419855926908644
1658,1658,0.5622166061333806
1659,1659,0.5392445756747002
1660,1660,0.5584070448575754
1661,1661,0.5350593483281577
1662,1662,0.5319568327096472
1663,1663,0.5422891896217858
1664,1664,0.5412709019113349
1665,1665,0.5396426632624156
1666,1666,0.5324460305392633
1667,1667,0.5916121731541313
1668,1668,0.6525694485553435
1669,1669,0.5159284141866433
1670,1670,0.5852142517981525
1671,1671,0.5616168555601666
1672,1672,0.5702134016633728
1673,1673,0.5475630219247467
1674,1674,0.5658690649297927
1675,1675,0.5447271311651131
1676,1676,0.5380749805254295
1677,1677,0.5203923410368292
1678,1678,0.5300922902586978
1679,1679,0.5463414721663176
1680,1680,0.5233970276852233
1681,1681,0.5074775264174745
1682,1682,0.5243685812948062
1683,1683,0.514605423685921
1684,1684,0.5398058669325707
1685,1685,0.5347688820420644
1686,1686,0.5713797690721308
1687,1687,0.5335845768851156
1688,1688,0.5189094514306283
1689,1689,0.5894746114517544
1690,1690,0.5795691792532511
1691,1691,0.5323601617692776
1692,1692,0.5357298393195085
1693,1693,0.553842507472071
1694,1694,0.5466755614415779
1695,1695,0.5380704534855643
1696,1696,0.5658565661065277
1697,1697,0.5287892585203564
1698,1698,0.511156657127357
1699,1699,0.5237389769172449
1700,1700,0.5569164447495689
1701,1701,0.5199424713931685
1702,1702,0.5189117368618059
1703,1703,0.5198638039426164
1704,1704,0.521722794827097
1705,1705,0.5056196331788025
1706,1706,0.5483057283215804
1707,1707,0.5229361273069766
1708,1708,0.516945626068412
1709,1709,0.5184580387253013
1710,1710,0.5436218892619206
1711,1711,0.5635468274676572
1712,1712,0.5169574258320413
1713,1713,0.536657779853433
1714,1714,0.5207108678940786
1715,1715,0.5309936025858175
1716,1716,0.5178713955075538
1717,1717,0.5384640361870499
1718,1718,0.5695917542899784
1719,1719,0.5610915456580335
1720,1720,0.5480354702672574
1721,1721,0.5277302699992451
1722,1722,0.5419979043568576
1723,1723,0.533475660454285
1724,1724,0.5605260486469867
1725,1725,0.6868452284563589
1726,1726,0.5622905957327271
1727,1727,0.538513997600968
1728,1728,0.5572760083423158
1729,1729,0.5427447042425001
1730,1730,0.5628589388524818
1731,1731,0.5739677196740588
1732,1732,0.5669104212884994
1733,1733,0.5420310488390404
1734,1734,0.5073387396168247
1735,1735,0.5258940625569154
1736,1736,0.5205996827430389
1737,1737,0.5801007111194698
1738,1738,0.5422053399717184
1739,1739,0.5344395599478902
1740,1740,0.5450090401195178
1741,1741,0.5477935730892135
1742,1742,0.5536807732511062
1743,1743,0.5516634624653415
1744,1744,0.5306553911205074
1745,1745,0.6101769009637265
1746,1746,0.5530875395579982
1747,1747,0.5570718196056703
1748,1748,0.5824677887314296
1749,1749,0.5599396865704065
1750,1750,0.5366610967455205
1751,1751,0.5527868858742182
1752,1752,0.5282804253711133
1753,1753,0.5531091296826436
1754,1754,0.517161662191552
1755,1755,0.5400889156361729
1756,1756,0.5369758987493198
1757,1757,0.5154097290882182
1758,1758,0.5853405431903294
1759,1759,0.5263185009353109
1760,1760,0.5259065317016102
1761,1761,0.5175043716297485
1762,1762,0.5111525367665785
1763,1763,0.5946870156880675
1764,1764,0.5169079166182061
1765,1765,0.6165498008709824
1766,1766,0.5274216376923344
1767,1767,0.5493164973874102
1768,1768,0.5731370706826873
1769,1769,0.5965165405123372
1770,1770,0.5128459596805606
1771,1771,0.5214521653677758
1772,1772,0.5448172845668187
1773,1773,0.5117065525021762
1774,1774,0.5627691646456443
1775,1775,0.5293242637636191
1776,1776,0.5534851778060084
1777,1777,0.5765472605165562
1778,1778,0.5756803980931262
1779,1779,0.5620699102269882
1780,1780,0.5355294978998946
1781,1781,0.5236672375224796
1782,1782,0.5287038418675263
1783,1783,0.5526322492452669
1784,1784,0.5263853671072604
1785,1785,0.5210726338063341
1786,1786,0.5215197577772108
1787,1787,0.5324419074678705
1788,1788,0.5233703928128637
1789,1789,0.5449365430503954
1790,1790,0.5986827422982897
1791,1791,0.5223068554459218
1792,1792,0.518944052190264
1793,1793,0.5136869201687022
1794,1794,0.5226144127772052
1795,1795,0.5287574375331359
1796,1796,0.5272135708786065
1797,1797,0.560412263017656
1798,1798,0.538562535897114
1799,1799,0.5468375049831786
1800,1800,0.5195725075656075
1801,1801,0.5347831347205707
1802,1802,0.5355015029112369
1803,1803,0.516470462007295
1804,1804,0.5447076817650156
1805,1805,0.5548777901556623
1806,1806,0.534380372352928
1807,1807,0.5106793353901066
1808,1808,0.5135475863890037
1809,1809,0.5796568275251066
1810,1810,0.5507613090969766
1811,1811,0.5389679425694741
1812,1812,0.5287535768479497
1813,1813,0.5404387006282422
1814,1814,0.5223791826162069
1815,1815,0.5300853390931759
1816,1816,0.5497700274100269
1817,1817,0.5116161624940889
1818,1818,0.5386915742079841
1819,1819,0.5623502560874424
1820,1820,0.598955555775751
1821,1821,0.5394618683951871
1822,1822,0.5516939605082718
1823,1823,0.5202093597191386
1824,1824,0.5481349671272131
1825,1825,0.5590040711143616
1826,1826,0.507259635734411
1827,1827,0.5183480176234996
1828,1828,0.5636982494369145
1829,1829,0.5209656967344384
1830,1830,0.5333845437487469
1831,1831,0.5537097537246637
1832,1832,0.6127935227280317
1833,1833,0.5867930707965808
1834,1834,0.5597259882788834
1835,1835,0.5375254266241096
1836,1836,0.531604240882583
1837,1837,0.5061870953965253
1838,1838,0.5244470052891932
1839,1839,0.5224671657625766
1840,1840,0.5261844930762378
1841,1841,0.5681459121400751
1842,1842,0.5507611721465391
1843,1843,0.5078160882860696
1844,1844,0.515648417560434
1845,1845,0.5388269231115753
1846,1846,0.5458302609058527
1847,1847,0.5500566437292214
1848,1848,0.5551622277297978
1849,1849,0.5515486582245868
1850,1850,0.6475899820280193
1851,1851,0.5253141573404921
1852,1852,0.5346905836119974
1853,1853,0.5856770887639665
1854,1854,0.5240549828178694
1855,1855,0.535137546968278
1856,1856,0.5352215312760451
1857,1857,0.5195505280957777
1858,1858,0.5346449758034624
1859,1859,0.5405929183261562
1860,1860,0.5461681258891358
1861,1861,0.5383080310260152
1862,1862,0.5232169562209095
1863,1863,0.534505173178894
1864,1864,0.5538527548456625
1865,1865,0.5418165889444124
1866,1866,0.5178528926743248
1867,1867,0.505169356724436
1868,1868,0.5208179561391673
1869,1869,0.5911106315005101
1870,1870,0.52592621241591
1871,1871,0.5360105005924823
1872,1872,0.5197051139891089
1873,1873,0.5272323712431664
1874,1874,0.5363409648101699
1875,1875,0.5203312515197611
1876,1876,0.5458659581266994
1877,1877,0.5936340899627799
1878,1878,0.5830770644033314
1879,1879,0.5329838418752523
1880,1880,0.5417829990780103
1881,1881,0.5414088013327292
1882,1882,0.6074287076959849
1883,1883,0.5261259027743963
1884,1884,0.5112233901058734
1885,1885,0.5290122832055028
1886,1886,0.6022938645525381
1887,1887,0.5190606967141427
1888,1888,0.5565783561546715
1889,1889,0.5368153794758235
1890,1890,0.5740233210197605
1891,1891,0.5383485176710303
1892,1892,0.5665452511173762
1893,1893,0.5277244801944008
1894,1894,0.5115464066967441
1895,1895,0.5159159816531365
1896,1896,0.5193545648072644
1897,1897,0.5330116094552907
1898,1898,0.5551937236029806
1899,1899,0.5343808369888634
1900,1900,0.5311891430775902
1901,1901,0.5447620708552402
1902,1902,0.5465410032331648
1903,1903,0.5275169147250425
1904,1904,0.5546427484622998
1905,1905,0.5615677764702867
1906,1906,0.6433270903224565
1907,1907,0.5308305279150141
1908,1908,0.5268607654675127
1909,1909,0.5234676518076459
1910,1910,0.5742252375287866
1911,1911,0.5376527882268559
1912,1912,0.5491006613373963
1913,1913,0.5143128412302218
1914,1914,0.5259617304868824
1915,1915,0.6219564387332637
1916,1916,0.5395065331229462
1917,1917,0.5921769940379669
1918,1918,0.5641256501157176
1919,1919,0.5352973362765979
1920,1920,0.5258795778217131
1921,1921,0.5044811071494821
1922,1922,0.5228488694374762
1923,1923,0.522340522178022
1924,1924,0.5327955237427274
1925,1925,0.6104420984400565
1926,1926,0.5271407093576435
1927,1927,0.5295183050931247
1928,1928,0.5120260918520543
1929,1929,0.529757826426587
1930,1930,0.5697217749799641
1931,1931,0.5343137254901961
1932,1932,0.5384463364852526
1933,1933,0.5502816628343672
1934,1934,0.567878423447186
1935,1935,0.5105956291501643
1936,1936,0.5925741477200139
1937,1937,0.5653933960909011
1938,1938,0.5222494028642402
1939,1939,0.5688965550731169
1940,1940,0.5184158333308031
1941,1941,0.5373648008152462
1942,1942,0.5309386880200877
1943,1943,0.5088493634744611
1944,1944,0.5312719958577268
1945,1945,0.5360710947843612
1946,1946,0.5361271813470624
1947,1947,0.5282531778283617
1948,1948,0.5614114076425517
1949,1949,0.5622943716618841
1950,1950,0.5121975892919985
1951,1951,0.5132974961150971
1952,1952,0.5186526995144214
1953,1953,0.540430612613449
1954,1954,0.5681725384109372
1955,1955,0.5638762679539997
1956,1956,0.533316816691804
1957,1957,0.5458945669389068
1958,1958,0.5369337446036719
1959,1959,0.5304651592499683
1960,1960,0.5192102564044185
1961,1961,0.5521405665143131
1962,1962,0.547309813748269
1963,1963,0.5079555728417573
1964,1964,0.5432583905581178
1965,1965,0.5339285714285714
1966,1966,0.51569306363564
1967,1967,0.5694517966604278
1968,1968,0.5205445350903329
1969,1969,0.5263485093204642
1970,1970,0.5378574617320967
1971,1971,0.5270582737558154
1972,1972,0.5421784162833194
1973,1973,0.5401909985108887
1974,1974,0.5585673370022659
1975,1975,0.5424854270408197
1976,1976,0.5152515280932594
1977,1977,0.5919343193054388
1978,1978,0.5651953056642869
1979,1979,0.5530711334576747
1980,1980,0.5289441869370485
1981,1981,0.538295445883741
1982,1982,0.5161874051522009
1983,1983,0.545272726987996
1984,1984,0.5284240077198674
1985,1985,0.529185861579351
1986,1986,0.5332998710369932
1987,1987,0.5861817486521077
1988,1988,0.5747499959121097
1989,1989,0.5367202457057282
1990,1990,0.5328483447833083
1991,1991,0.5318146798678085
1992,1992,0.580006364527756
1993,1993,0.5837651122920915
1994,1994,0.53149630708994
1995,1995,0.5500381375982225
1996,1996,0.5764886869646877
1997,1997,0.5365659894151431
1998,1998,0.5315912011803281
1999,1999,0.5221672648775462
2000,2000,0.5408502832991012
2001,2001,0.5188011793697433
2002,2002,0.5023795566218764
2003,2003,0.5755936163086572
2004,2004,0.5604755834838359
2005,2005,0.538736236675057
2006,2006,0.513465012723689
2007,2007,0.5351876201390484
2008,2008,0.5546850632471714
2009,2009,0.5315973960304734
2010,2010,0.5725989953067931
2011,2011,0.5241126002225475
2012,2012,0.526866586716692
2013,2013,0.5575367056639879
2014,2014,0.5576896023213824
2015,2015,0.597031629637116
2016,2016,0.5072829264988432
2017,2017,0.5567425053696651
2018,2018,0.534636506483175
2019,2019,0.543671353127176
2020,2020,0.5209891560910487
2021,2021,0.5179457423144138
2022,2022,0.542185269008237
2023,2023,0.5355988919208279
2024,2024,0.582564797852161
2025,2025,0.5239056563680244
2026,2026,0.5408583660065134
2027,2027,0.529017506954546
2028,2028,0.5386493975840498
2029,2029,0.5772963035747274
2030,2030,0.5167305711178986
2031,2031,0.587249890926484
2032,2032,0.5191978543833954
2033,2033,0.573215618820566
2034,2034,0.6084591175110782
2035,2035,0.5225022210873453
2036,2036,0.5428809503466661
2037,2037,0.5410940880801999
2038,2038,0.531386332290777
2039,2039,0.5210675242900096
2040,2040,0.5389088745102585
2041,2041,0.5310101622344705
2042,2042,0.5441892294238196
2043,2043,0.5657491306028855
2044,2044,0.5352924104913908
2045,2045,0.5192209148774546
2046,2046,0.5202325367410336
2047,2047,0.5377533508793142
2048,2048,0.518986581228931
2049,2049,0.5210263517073822
2050,2050,0.6155758079190323
2051,2051,0.6417769875782243
2052,2052,0.5433603244552158
2053,2053,0.5261936317925504
2054,2054,0.5337046012550858
2055,2055,0.5403031378305185
2056,2056,0.5647622262129603
2057,2057,0.5776320869172343
2058,2058,0.5838847632827319
2059,2059,0.5126704930835871
2060,2060,0.5490614360039632
2061,2061,0.5270213247803552
2062,2062,0.5522970152307614
2063,2063,0.5591282457896329
2064,2064,0.526496424007987
2065,2065,0.5710813646900155
2066,2066,0.5459132790930934
2067,2067,0.5592775630092297
2068,2068,0.5298955480539473
2069,2069,0.5245104256162065
2070,2070,0.5346201104347882
2071,2071,0.5467673398154269
2072,2072,0.536736468776895
2073,2073,0.5471530663223991
2074,2074,0.5513780699490168
2075,2075,0.5473437907025999
2076,2076,0.5276020174708884
2077,2077,0.5350498493733264
2078,2078,0.5431497352646357
2079,2079,0.5386397789192734
2080,2080,0.6668342004760758
2081,2081,0.5310555771022871
2082,2082,0.5611550818060013
2083,2083,0.5603779979248911
2084,2084,0.5597557827390252
2085,2085,0.5111865246252558
2086,2086,0.5143203769278564
2087,2087,0.5703416282541722
2088,2088,0.5220055871943603
2089,2089,0.5394695405773136
2090,2090,0.5215058239205212
2091,2091,0.5330737370724559
2092,2092,0.6242397034051965
2093,2093,0.5436178635498197
2094,2094,0.5383663084259183
2095,2095,0.5211152395440357
2096,2096,0.532351981665786
2097,2097,0.5366447567366257
2098,2098,0.5178075404587779
2099,2099,0.558997200251202
2100,2100,0.5283638962054141
2101,2101,0.5652984587584873
2102,2102,0.5
2103,2103,0.5237316225243209
2104,2104,0.5142619681166313
2105,2105,0.5723610656287479
2106,2106,0.5159983796180876
2107,2107,0.574464529880757
2108,2108,0.5229074978778949
2109,2109,0.5627759350152803
2110,2110,0.5318946479302342
2111,2111,0.5124826356812991
2112,2112,0.5343537084986087
2113,2113,0.7036678316996666
2114,2114,0.522895649620847
2115,2115,0.5429188143513695
2116,2116,0.6108822921087674
2117,2117,0.5842522082111686
2118,2118,0.5063458496445841
2119,2119,0.5271944837603102
2120,2120,0.5177224729757244
2121,2121,0.525189636092994
2122,2122,0.6250718801594171
2123,2123,0.5320693697200449
2124,2124,0.5609673674697684
2125,2125,0.5758020043435187
2126,2126,0.5710600151177981
2127,2127,0.5312930529126385
2128,2128,0.5139258538786133
2129,2129,0.5257973578119775
2130,2130,0.543426098585625
2131,2131,0.5587842794788194
2132,2132,0.5312354377775799
2133,2133,0.525581993780726
2134,2134,0.5362233800966796
2135,2135,0.5143542312940803
2136,2136,0.5761500273336884
2137,2137,0.558138836506735
2138,2138,0.5193559577128704
2139,2139,0.5904781058243267
2140,2140,0.5140120978359668
2141,2141,0.5767274352889067
2142,2142,0.5412888753867111
2143,2143,0.5382481147417687
2144,2144,0.5169513710992961
2145,2145,0.5293685444840137
2146,2146,0.6329279389613851
2147,2147,0.5353733913142996
2148,2148,0.5266487162178397
2149,2149,0.5354158807398641
2150,2150,0.5219796524921326
2151,2151,0.5244675091464459
2152,2152,0.5252315513925723
2153,2153,0.560469714783099
2154,2154,0.5259965728377407
2155,2155,0.5214357497788689
2156,2156,0.5335512492175749
2157,2157,0.5188162557890215
2158,2158,0.5283546501186058
2159,2159,0.5553055259918726
2160,2160,0.5528946741687752
2161,2161,0.5323295884481272
2162,2162,0.5215890599181605
2163,2163,0.5729499276211761
2164,2164,0.5172442501736045
2165,2165,0.5305258536537208
2166,2166,0.5167143706985491
2167,2167,0.57959097731835
2168,2168,0.5323121238936752
2169,2169,0.5187168362416246
2170,2170,0.5120205004139649
2171,2171,0.5382050234039653
2172,2172,0.5336323456553269
2173,2173,0.5308920629232633
2174,2174,0.5454860762553178
2175,2175,0.5261991248474063
2176,2176,0.5313810278283396
2177,2177,0.5377685621001655
2178,2178,0.5355366388683065
2179,2179,0.530233740289729
2180,2180,0.5129755240086198
2181,2181,0.5140691981542456
2182,2182,0.6101280594191265
2183,2183,0.5438347911562103
2184,2184,0.5980435852736429
2185,2185,0.5310460210282533
2186,2186,0.5214360722413891
2187,2187,0.539233597348252
2188,2188,0.5168526517360609
2189,2189,0.5428507407101497
2190,2190,0.5240466444814043
2191,2191,0.5179895690740288
2192,2192,0.5655381849190815
2193,2193,0.5601810032725156
2194,2194,0.542003760828501
2195,2195,0.5334828603796533
2196,2196,0.5130643633611603
2197,2197,0.5284278390132269
2198,2198,0.5428249467956532
2199,2199,0.5689704088289821
2200,2200,0.7247080526946312
2201,2201,0.5270986276736559
2202,2202,0.5183791340233115
2203,2203,0.526166076067615
2204,2204,0.5886920140316986
2205,2205,0.518808236156578
2206,2206,0.5313860323779015
2207,2207,0.5557190539389736
2208,2208,0.5703700188910623
2209,2209,0.5446218818063506
2210,2210,0.5604690897698971
2211,2211,0.5324829958370096
2212,2212,0.5406942489525266
2213,2213,0.5455068100980658
2214,2214,0.537832878988144
2215,2215,0.5347804171820126
2216,2216,0.5218856889818253
2217,2217,0.5222237188193362
2218,2218,0.5239610125408951
2219,2219,0.5737343725907293
2220,2220,0.5659032050708197
2221,2221,0.5124800478723573
2222,2222,0.5105830105357649
2223,2223,0.5665026647782209
2224,2224,0.5618313602860308
2225,2225,0.5356723675241197
2226,2226,0.5190065275240066
2227,2227,0.5465092989136047
2228,2228,0.6037797055239214
2229,2229,0.5200618239496253
2230,2230,0.5387137824209718
2231,2231,0.5305785951133126
2232,2232,0.5335690054993745
2233,2233,0.5163005735555515
2234,2234,0.5242792567971806
2235,2235,0.6657231883074143
2236,2236,0.5132724851955383
2237,2237,0.5442856072773558
2238,2238,0.5327266662051351
2239,2239,0.5532792347791526
2240,2240,0.5498017531926306
2241,2241,0.5488121424517313
2242,2242,0.5350455789355935
2243,2243,0.5226100738785371
2244,2244,0.5522625771960138
2245,2245,0.5795327244518277
2246,2246,0.5519305136592989
2247,2247,0.5160176020289411
2248,2248,0.5427198264286328
2249,2249,0.5724880376292749
2250,2250,0.5268856613280524
2251,2251,0.5299091022949445
2252,2252,0.5357910631996317
2253,2253,0.5951409107783721
2254,2254,0.5515538613807724
2255,2255,0.5445757133386913
2256,2256,0.6185632774153589
2257,2257,0.5463414558577823
2258,2258,0.5630880297876512
2259,2259,0.539679803854364
2260,2260,0.5304572451936587
2261,2261,0.628952036983897
2262,2262,0.5533306997835535
2263,2263,0.5259808394979848
2264,2264,0.5349024072982038
2265,2265,0.539101226025944
2266,2266,0.5076923076923077
2267,2267,0.5264350528572714
2268,2268,0.573549544667374
2269,2269,0.5164808016885202
2270,2270,0.5226246595897627
2271,2271,0.5444878260501305
2272,2272,0.5331846738993335
2273,2273,0.5509545687779462
2274,2274,0.5349569544079074
2275,2275,0.5570305702641922
2276,2276,0.5397073375309192
2277,2277,0.6162808842334141
2278,2278,0.5424209230487125
2279,2279,0.5284366449140572
2280,2280,0.5416376242515937
2281,2281,0.5349194764531111
2282,2282,0.5432164461227266
2283,2283,0.5475187335248721
2284,2284,0.5205763059187543
2285,2285,0.5543575670130698
2286,2286,0.564908820126795
2287,2287,0.5396207399895168
2288,2288,0.5222875691045061
2289,2289,0.5821724975659932
2290,2290,0.5369219858654931
2291,2291,0.5273766659715122
2292,2292,0.5543551206076373
2293,2293,0.6060931886180368
2294,2294,0.6122503952885596
2295,2295,0.539541336717082
2296,2296,0.5392789166159334
2297,2297,0.5185383897022273
2298,2298,0.5692842239812398
2299,2299,0.5906111760227354
2300,2300,0.5201979782524881
2301,2301,0.5671842196006133
2302,2302,0.5519397910096064
2303,2303,0.5379690777997308
2304,2304,1.0
2305,2305,0.5249500468133426
2306,2306,0.5424964262215101
2307,2307,0.5609796573117434
2308,2308,0.5288501057530465
2309,2309,0.5627523374748351
2310,2310,0.5442662566399454
2311,2311,0.5356494534154443
2312,2312,0.535798116533134
2313,2313,0.5364080541572002
2314,2314,0.5596559745898274
2315,2315,0.5194125155983026
2316,2316,0.6110254135351211
2317,2317,0.5374698854554485
2318,2318,0.5636284762975778
2319,2319,0.5341600365328829
2320,2320,0.541034584876772
2321,2321,0.528630283396876
2322,2322,0.5176653391479087
2323,2323,0.5234120883420137
2324,2324,0.5588213952936989
2325,2325,0.5425242482392304
2326,2326,0.5414840387489631
2327,2327,0.5181738993349545
2328,2328,0.5402515997630283
2329,2329,0.514497699601266
2330,2330,0.5093205832113228
2331,2331,0.5349005030448266
2332,2332,0.5629618843384878
2333,2333,0.5585572486356827
2334,2334,0.5367897193294202
2335,2335,0.5396679522597185
2336,2336,0.5492016127322925
2337,2337,0.5210415599865019
2338,2338,0.5231141609274716
2339,2339,0.5419605394047916
2340,2340,0.5270011131366101
2341,2341,0.5815071255182157
2342,2342,0.5405000202500152
2343,2343,0.5170299797764493
2344,2344,0.538602029533202
2345,2345,0.5350175996858129
2346,2346,0.5869572532322431
2347,2347,0.5402628683648006
2348,2348,0.5536035960676122
2349,2349,0.5376283818939589
2350,2350,0.5565231271682298
2351,2351,0.519671408555644
2352,2352,0.5721292399641066
2353,2353,0.5327953701738175
2354,2354,0.5329690236697894
2355,2355,0.5373360810750091
2356,2356,0.5442845979599916
2357,2357,0.5019543331140593
2358,2358,0.5706235259182002
2359,2359,0.6012113360048013
2360,2360,0.528411381303449
2361,2361,0.5208049941281265
2362,2362,0.5716161550148987
2363,2363,0.5642611065829349
2364,2364,0.5218891360539772
2365,2365,0.5073328814244921
2366,2366,0.5406320306652226
2367,2367,0.5611818226440464
2368,2368,0.5629796973798551
2369,2369,0.5510893213094797
2370,2370,0.5279330005206686
2371,2371,0.5290843153197997
2372,2372,0.5221448232611048
2373,2373,0.5327066034087217
2374,2374,0.5273571112272817
2375,2375,0.5772651809286067
2376,2376,0.5423594978202182
2377,2377,0.5693221120699337
2378,2378,0.5467859760459407
2379,2379,0.5360456730567554
2380,2380,0.5497441009557044
2381,2381,0.5269636762077472
2382,2382,0.5190597243040349
2383,2383,0.5107593248663737
2384,2384,0.5385577783865182
2385,2385,0.5433205180838427
2386,2386,0.5338925522212996
2387,2387,0.5090231175158515
2388,2388,0.544123812547707
2389,2389,0.5250219896408275
2390,2390,0.5111629887232438
2391,2391,0.5211877933205441
2392,2392,0.5206445230190294
2393,2393,0.5699602837864798
2394,2394,0.574272624765382
2395,2395,0.5446099736745471
2396,2396,0.5397907605197845
2397,2397,0.5843341829264186
2398,2398,0.5286001778936598
2399,2399,0.5414592494617086
2400,2400,0.5339278305636257
2401,2401,0.5288984501712959
2402,2402,0.5529978587020412
2403,2403,0.5344618118007537
2404,2404,0.5140358653511086
2405,2405,0.5220183856887539
2406,2406,0.5550992681044342
2407,2407,0.5760585993370373
2408,2408,0.5721144850525679
2409,2409,0.5236466747428175
2410,2410,0.5103735438545998
2411,2411,0.5629620363428125
2412,2412,0.5403418324527439
2413,2413,0.5306117349191182
2414,2414,0.5613787505425559
2415,2415,0.5204629854189264
2416,2416,0.5221734395680544
2417,2417,0.5435747839428839
2418,2418,0.6014641226725241
2419,2419,0.5200652782081547
2420,2420,0.5289205278449811
2421,2421,0.5424724019052292
2422,2422,0.5746118043832112
2423,2423,0.5435905919722233
2424,2424,0.5484968502663836
2425,2425,0.5659517723826621
2426,2426,0.5091150772531502
2427,2427,0.537206839405371
2428,2428,0.5305170672039186
2429,2429,0.5947171272707278
2430,2430,0.545122491956035
2431,2431,0.5351356807434536
2432,2432,0.5443078079920365
2433,2433,0.5476631350954062
2434,2434,0.5191093570336096
2435,2435,0.5717794573053101
2436,2436,0.5546088559639755
2437,2437,0.5016129367940391
2438,2438,0.5820235041940396
2439,2439,0.5211102370334547
2440,2440,0.5490797622345196
2441,2441,0.5292190909500223
2442,2442,0.5120310138191391
2443,2443,0.527634222409656
2444,2444,0.5385897731191488
2445,2445,0.5350356376900289
2446,2446,0.5525236343810591
2447,2447,0.5745650628737349
2448,2448,0.5264639549151036
2449,2449,0.5513441977028521
2450,2450,0.537674177177325
2451,2451,0.5311045293219006
2452,2452,0.510682133058332
2453,2453,0.6250152615835988
2454,2454,0.5247418569692284
2455,2455,0.5332091462842699
2456,2456,0.5309842871673196
2457,2457,0.5311307088725989
2458,2458,0.5160344711797804
2459,2459,0.5389139319257366
2460,2460,0.5556083411517837
2461,2461,0.5323023885028024
2462,2462,0.5325563121715207
2463,2463,0.5675402498566138
2464,2464,0.5562174033563402
2465,2465,0.5449794732206201
2466,2466,0.5485228672467055
2467,2467,0.5412625693141011
2468,2468,0.5568210806310618
2469,2469,0.5237375054916725
2470,2470,0.577132428682122
2471,2471,0.5584356875403761
2472,2472,0.5232521176654694
2473,2473,0.551138220930504
2474,2474,0.5786577702552078
2475,2475,0.5377963732340283
2476,2476,0.5212039449584938
2477,2477,0.5436896162121929
2478,2478,0.5235538748575355
2479,2479,0.5431147277924597
2480,2480,0.5502395278552119
2481,2481,0.5270825856208412
2482,2482,0.531453445893606
2483,2483,0.5691130167915701
2484,2484,0.5076548049555668
2485,2485,0.5338444691035167
2486,2486,0.5465800745738973
2487,2487,0.5273578751854056
2488,2488,0.5658920937336995
2489,2489,0.5196867654248349
2490,2490,0.5322701044429363
2491,2491,0.5195019112809629
2492,2492,0.531069088095195
2493,2493,0.6055242581322946
2494,2494,0.5287620958250331
2495,2495,0.5408189253552496
2496,2496,0.5458502764874449
2497,2497,0.521951940012727
2498,2498,0.5286871369094986
2499,2499,0.5383189142646345
2500,2500,0.5316556216934386
2501,2501,0.5232259510283374
2502,2502,0.5302839819907719
2503,2503,0.5337141633456217
2504,2504,0.5166236241057194
2505,2505,0.5438717031685532
2506,2506,0.5126299688342887
2507,2507,0.5383212087178104
2508,2508,0.5414093743264703
2509,2509,0.54796858329204
2510,2510,0.5383603396899841
2511,2511,0.538331476573144
2512,2512,0.5116583792092779
2513,2513,0.5102099894396999
2514,2514,0.5517886869359676
2515,2515,0.5302922532187604
2516,2516,0.5690106545183116
2517,2517,0.5466477810178343
2518,2518,0.5700693278527103
2519,2519,0.5111101967292546
2520,2520,0.5442232048312566
2521,2521,0.5342016786048558
2522,2522,0.5220953330471546
2523,2523,0.5225090010037938
2524,2524,0.5582298283008473
2525,2525,0.5507972158967117
2526,2526,0.5278905977631014
2527,2527,0.5587555739854331
2528,2528,0.522511568865443
2529,2529,0.6497788465332694
2530,2530,0.5597445845272915
2531,2531,0.5462387026777332
2532,2532,0.5270175025404633
2533,2533,0.5103490893105074
2534,2534,0.5524599331181461
2535,2535,0.5347156494318128
2536,2536,0.6463983788260521
2537,2537,0.5478452384026258
2538,2538,0.5289069288307137
2539,2539,0.6058930277843322
2540,2540,0.541154635551579
2541,2541,0.5357772148480978
2542,2542,0.535440979149526
2543,2543,0.5793155499983889
2544,2544,0.5582389329016482
2545,2545,0.5382186243383242
2546,2546,0.562995050988221
2547,2547,0.5504818777346152
2548,2548,0.5166354585947315
2549,2549,0.5251652909134835
2550,2550,0.5236727376026513
2551,2551,0.6067601736857238
2552,2552,0.5383575070321815
2553,2553,0.5290668744587921
2554,2554,0.5258377354793022
2555,2555,0.5245880737625657
2556,2556,0.5223490499458203
2557,2557,0.5312114910512991
2558,2558,0.5215388365148685
2559,2559,0.5718216494395316
2560,2560,0.545019031597836
2561,2561,0.5458695710456334
2562,2562,0.5455979712637152
2563,2563,0.5423861071461966
2564,2564,0.5088902719276557
2565,2565,0.549300617440156
2566,2566,0.5289778875317125
2567,2567,0.5180260764743206
2568,2568,0.5877178132979282
2569,2569,0.5338102825782439
2570,2570,0.5289492807529202
2571,2571,0.5253998314719258
2572,2572,0.5174434328663333
2573,2573,0.5428581769806627
2574,2574,0.5576042232991991
2575,2575,0.5962195209734256
2576,2576,0.5222339893515733
2577,2577,0.5259865076997867
2578,2578,0.5734279755781612
2579,2579,0.5414112793898536
2580,2580,0.536265484033466
2581,2581,0.5734367326668256
2582,2582,0.5321254740668052
2583,2583,0.5147683268846895
2584,2584,0.5307754313939392
2585,2585,0.5297264705921738
2586,2586,0.5301813870018648
2587,2587,0.5205330800935738
2588,2588,0.518643092560946
2589,2589,0.523919474771842
2590,2590,0.5393749615479079
2591,2591,0.5492483069327814
2592,2592,0.5211130368263126
2593,2593,0.5999479042154171
2594,2594,0.5280251301825729
2595,2595,0.535530116094844
2596,2596,0.5324462080540621
2597,2597,0.5191638496957928
2598,2598,0.5428542475316822
2599,2599,0.5281480247733373
2600,2600,0.5157229497621416
2601,2601,0.5229254434332347
2602,2602,0.5309661768642666
2603,2603,0.5149561296049618
2604,2604,0.5200773993734737
2605,2605,0.5542943974431518
2606,2606,0.5450251767725078
2607,2607,0.5165379646118944
2608,2608,0.5255986451643981
2609,2609,0.6023890160472603
2610,2610,0.5353783776170506
2611,2611,0.5275074741332084
2612,2612,0.5345336431518637
2613,2613,0.5527422851050485
2614,2614,0.5668318879031169
2615,2615,0.5757642762829116
2616,2616,0.5241840871615735
2617,2617,0.5135997791413801
2618,2618,0.5842105268116342
2619,2619,0.5212174473495002
2620,2620,0.551948858666415
2621,2621,0.5827842005979544
2622,2622,0.5748355117228658
2623,2623,0.5467344574297263
2624,2624,0.5435107404633797
2625,2625,0.5271320764257058
2626,2626,0.5538587753633057
2627,2627,0.5456800740475719
2628,2628,0.5425968004350965
2629,2629,0.5671356898633989
2630,2630,0.505042729056593
2631,2631,0.5132329235146595
2632,2632,0.5110114174181118
2633,2633,0.5452918141716319
2634,2634,0.5206675102857263
2635,2635,0.5420364625703189
2636,2636,0.5530847377891404
2637,2637,0.5375755124321371
2638,2638,0.5685510621383852
2639,2639,0.5063899249252131
2640,2640,0.5229661176820433
2641,2641,0.5588878634896695
2642,2642,0.5916975302174867
2643,2643,0.5739484182175711
2644,2644,0.5820901327216202
2645,2645,0.5645639598205723
2646,2646,0.5140396675446088
2647,2647,0.5789552242714548
2648,2648,0.5288697411489132
2649,2649,0.5292854687431232
2650,2650,0.5307938757317475
2651,2651,0.5553724456760125
2652,2652,0.5213074745250474
2653,2653,0.5442219065162769
2654,2654,0.5347700827835726
2655,2655,0.5409163272900387
2656,2656,0.5323762419652489
2657,2657,0.5580161460457453
2658,2658,0.5374555479146246
2659,2659,0.6267394643411706
2660,2660,0.5382088489685158
2661,2661,0.5150947695260799
2662,2662,0.5532392308566669
2663,2663,0.5319567372130751
2664,2664,0.5656756077840905
2665,2665,0.5244948974278318
2666,2666,0.521171386632441
2667,2667,0.5494467795537095
2668,2668,0.5478600765640891
2669,2669,0.5174633976962875
2670,2670,0.572783057961579
2671,2671,0.5138665049533474
2672,2672,0.543230884306201
2673,2673,0.5102883013839098
2674,2674,0.5192414460721011
2675,2675,0.5792496505930507
2676,2676,0.5549098284435676
2677,2677,0.5434748059665182
2678,2678,0.5161880977059544
2679,2679,0.5180640603619302
2680,2680,0.541066520895986
2681,2681,0.5189551747297956
2682,2682,0.5109216263818442
2683,2683,0.5222975511227279
2684,2684,0.5404006815330932
2685,2685,0.5083641533339566
2686,2686,0.5394544615728096
2687,2687,0.5776810930067451
2688,2688,0.5445821381416787
2689,2689,0.5320178918393017
2690,2690,0.5197976721840141
2691,2691,0.5383272110389566
2692,2692,0.5451945782744098
2693,2693,0.5557394577141419
2694,2694,0.5604207886050255
2695,2695,0.5262964475734488
2696,2696,0.5364197841717541
2697,2697,0.5934122337310699
2698,2698,0.5311643111209168
2699,2699,0.5058999360450399
2700,2700,0.5305053155665844
2701,2701,0.5240231941748773
2702,2702,0.5255917646440416
2703,2703,0.5369736933323268
2704,2704,0.5351034403057332
2705,2705,0.5213422569398316
2706,2706,0.5460131358645194
2707,2707,0.535557950110938
2708,2708,0.5282497977916447
2709,2709,0.5301457854256892
2710,2710,0.6246403910871379
2711,2711,0.5501739030792645
2712,2712,0.5448550809758554
2713,2713,0.544294467796498
2714,2714,0.534788846310775
2715,2715,0.5710578063897181
2716,2716,0.5384855792654615
2717,2717,0.5076080282711204
2718,2718,0.542203404131801
2719,2719,0.5553249931403015
2720,2720,0.5990687280025739
2721,2721,0.5399317307301288
2722,2722,0.5756131454097295
2723,2723,0.5129097311051363
2724,2724,0.5807473433555664
2725,2725,0.5745530509218466
2726,2726,0.5400570105402449
2727,2727,0.5377645227982994
2728,2728,0.51973825425817
2729,2729,0.5785899330655986
2730,2730,0.5486810783991249
2731,2731,0.5553080137669845
2732,2732,0.5434283048732671
2733,2733,0.529322829496667
2734,2734,0.5633713927315486
2735,2735,0.513471905454574
2736,2736,0.5629433711297396
2737,2737,0.5424149596904589
2738,2738,0.5288957916503321
2739,2739,0.5458734902135984
2740,2740,0.6069726726615545
2741,2741,0.5601180977642277
2742,2742,0.5325195175675684
2743,2743,0.5528974699745153
2744,2744,0.5123497383783877
2745,2745,0.5524637225614804
2746,2746,0.5569413805515165
2747,2747,0.5391515305546255
2748,2748,0.5161960684683962
2749,2749,0.5799794848845149
2750,2750,0.5286304961689599
2751,2751,0.5713477830787587
2752,2752,0.532591117207782
2753,2753,0.5680511161730777
2754,2754,0.609215653158285
2755,2755,0.5430769517524183
2756,2756,0.5275984763335884
2757,2757,0.5397448022629631
2758,2758,0.5580527105064181
2759,2759,0.5471964728177041
2760,2760,0.5092517189733095
2761,2761,0.5682469656155975
2762,2762,0.5437553415542595
2763,2763,0.5508656756202951
2764,2764,0.5347275108736413
2765,2765,0.5307288944816497
2766,2766,0.5477936745763121
2767,2767,0.5477484880290867
2768,2768,0.521388744023915
2769,2769,0.5361718130335195
2770,2770,0.5887732147195219
2771,2771,0.534737637789111
2772,2772,0.5184153592225744
2773,2773,0.5187502453661443
2774,2774,0.5270575427134392
2775,2775,0.5661170148854583
2776,2776,0.5514949061137645
2777,2777,0.5613623970839368
2778,2778,0.5360582761769894
2779,2779,0.5189425664856596
2780,2780,0.5476058432909651
2781,2781,0.5337099931231621
2782,2782,0.5328052352648165
2783,2783,0.524737453451942
2784,2784,0.586844800875037
2785,2785,0.5422936440304926
2786,2786,0.5263804741226855
2787,2787,0.5544538741467214
2788,2788,0.5461956578122389
2789,2789,0.5208048571261218
2790,2790,0.5130480884543875
2791,2791,0.5526843761307159
2792,2792,0.5365411593241391
2793,2793,0.549689036307822
2794,2794,0.5354713536092063
2795,2795,0.5396933583986621
2796,2796,0.6081705916884269
2797,2797,0.5881688268433422
2798,2798,0.5183331072264052
2799,2799,0.5367123766000942
2800,2800,0.5067479653734294
2801,2801,0.5273179182354076
2802,2802,0.5154506188017917
2803,2803,0.5435764030904826
2804,2804,0.5374813704257336
2805,2805,0.5360047817525462
2806,2806,0.5201719892748279
2807,2807,0.5100144311788382
2808,2808,0.5211737450428544
2809,2809,0.5772218108469865
2810,2810,0.5402530704493871
2811,2811,0.5545677316362528
2812,2812,0.5132359811241161
2813,2813,0.5798351515154181
2814,2814,0.553847665722498
2815,2815,0.5460807747745385
2816,2816,0.5321151913427502
2817,2817,0.6176502363697176
2818,2818,0.5078318004749947
2819,2819,0.5447333855005234
2820,2820,1.0
2821,2821,0.5621628095322599
2822,2822,0.5250676501052765
2823,2823,0.5364004464264169
2824,2824,0.558475785894263
2825,2825,0.5416801706912204
2826,2826,0.5240875912408759
2827,2827,0.5338960071282584
2828,2828,0.52790631267542
2829,2829,0.5304505204038406
2830,2830,0.564422384462463
2831,2831,0.573020287572563
2832,2832,0.5609322936055464
2833,2833,0.5369394425669094
2834,2834,0.5560175580062113
2835,2835,0.5237507532187007
2836,2836,0.5410181401329646
2837,2837,0.5210893508371719
2838,2838,0.6227460032181005
2839,2839,0.5328045220870081
2840,2840,0.5575816799631099
2841,2841,0.5390746452588162
2842,2842,0.5589189678950048
2843,2843,0.5302787402803057
2844,2844,0.5359636366232154
2845,2845,0.5557206541529776
2846,2846,0.5317615496228978
2847,2847,0.5129646845882034
2848,2848,0.5733635505287794
2849,2849,0.5259597185981756
2850,2850,0.5133753084977336
2851,2851,0.5720731250107352
2852,2852,0.5505607346398116
2853,2853,0.5349370517392917
2854,2854,0.5269167546173061
2855,2855,0.53815477956234
2856,2856,0.5347198112079345
2857,2857,0.5314688091988456
2858,2858,0.5358565850880432
2859,2859,0.543976041092313
2860,2860,0.5148778826193274
2861,2861,0.5747596635889161
2862,2862,0.5402152783529983
2863,2863,0.5416315067454053
2864,2864,0.5448990467920523
2865,2865,0.6101580979142947
2866,2866,0.5764464218494003
2867,2867,0.5225438092593401
2868,2868,0.5336031495841298
2869,2869,0.5201459778640574
2870,2870,0.615681637850155
2871,2871,0.517045168016663
2872,2872,0.5281357463904337
2873,2873,0.5284569022163739
2874,2874,0.514001445162008
2875,2875,0.5076598560397204
2876,2876,0.5489183609804213
2877,2877,0.5514108507890639
2878,2878,0.5199176709236666
2879,2879,0.5425760893867524
2880,2880,0.5728142299387495
2881,2881,0.5567547607095875
2882,2882,0.5232670227328546
2883,2883,0.5180912596042362
2884,2884,0.5213714344333085
2885,2885,0.5371765426682467
2886,2886,0.527914235024368
2887,2887,0.5588156522959032
2888,2888,0.5337652086953433
2889,2889,0.5624963032282291
2890,2890,0.5212441608888534
2891,2891,0.5235499423075181
2892,2892,0.6657658783432749
2893,2893,0.52259965822879
2894,2894,0.5661142740609919
2895,2895,0.5186912622744515
2896,2896,0.5261703357490537
2897,2897,0.5421308509688332
2898,2898,0.5115249819342493
2899,2899,0.556378264730872
2900,2900,0.5248582562434891
2901,2901,0.5648517158426453
2902,2902,0.5359239083187662
2903,2903,0.5693722667249637
2904,2904,0.5439230649754851
2905,2905,0.5194302816923326
2906,2906,0.5146073372384964
2907,2907,0.5347009076231051
2908,2908,0.5677978692568894
2909,2909,0.5235760480048224
2910,2910,0.5251307054355878
2911,2911,0.5447349918199236
2912,2912,0.53811731726027
2913,2913,0.5472379086428831
2914,2914,0.5394443857587965
2915,2915,0.5269860859035621
2916,2916,0.5439311698462809
2917,2917,0.5122933641218128
2918,2918,0.5515345432036889
2919,2919,0.5734048907092582
2920,2920,0.5229611251031783
2921,2921,0.5247717591610122
2922,2922,0.5452517045025328
2923,2923,0.5287200792112825
2924,2924,0.5350931203171798
2925,2925,0.5560465421447565
2926,2926,0.5522871527505133
2927,2927,0.5023702805810306
2928,2928,0.5476644485170263
2929,2929,0.6062184710707819
2930,2930,0.5209041791906011
2931,2931,0.5892743709244759
2932,2932,0.5319707056870195
2933,2933,0.5332659938137105
2934,2934,0.5304801747652381
2935,2935,0.5154102359788645
2936,2936,0.5182201080870489
2937,2937,0.5149575722741193
2938,2938,0.523284179134889
2939,2939,0.5589055992520402
2940,2940,0.5474485538177856
2941,2941,0.5240635725187376
2942,2942,0.555998666898815
2943,2943,0.5652448169538627
2944,2944,0.5266429245787231
2945,2945,0.545757635928749
2946,2946,0.6808156619892589
2947,2947,0.5167348607112131
2948,2948,0.5235620461933779
2949,2949,0.5474125242403736
2950,2950,0.5245802572004173
2951,2951,0.5375979649603875
2952,2952,0.5229831925038537
2953,2953,0.5402684055891787
2954,2954,0.5454882064649728
2955,2955,0.5282844582527628
2956,2956,0.5560133186462097
2957,2957,0.5463556836578686
2958,2958,0.5599348661386057
2959,2959,0.5224023583862747
2960,2960,0.5751234706863977
2961,2961,0.535201906165144
2962,2962,0.5381220197189478
2963,2963,0.5307984879927402
2964,2964,0.5330862718690081
2965,2965,0.590420983918818
2966,2966,0.5227802114773907
2967,2967,0.5448670823554732
2968,2968,0.5646589265943015
2969,2969,0.5879603495232901
2970,2970,0.5618848985766798
2971,2971,0.5749916014109366
2972,2972,0.5615548952325979
2973,2973,0.5497653343135778
2974,2974,0.5641857491625213
2975,2975,0.5366547846989854
2976,2976,0.5450014235369335
2977,2977,0.5616227178649307
2978,2978,0.5281118540026986
2979,2979,0.5496548466202349
2980,2980,0.5512773691441868
2981,2981,0.5630731821001052
2982,2982,0.513837573608001
2983,2983,0.5952131228801747
2984,2984,0.5313227855873777
2985,2985,0.5625245807979609
2986,2986,0.5467897412318783
2987,2987,0.551828589467616
2988,2988,0.6108048136015763
2989,2989,0.5196666459743335
2990,2990,0.524784925655696
2991,2991,0.5282115904817101
2992,2992,0.5770820404502577
2993,2993,0.5294407717457713
2994,2994,0.5317386747411055
2995,2995,0.5069216354071107
2996,2996,0.5560917175283038
2997,2997,0.5085947008518708
2998,2998,0.5389708452538198
2999,2999,0.5316010396948936
